# Servicio;Fecha;Nombre;Apellido;Categoria;Zona;Jornada;Forma de Pago;Valor;Propina
100;03/01/2024;Juan;Castro;Bebidas;Libre;Diurna;Efectivo;$ 130.000,00;$ 3.500,00
101;03/01/2024;Juan;Castro;Alimentos;VIP;Nocturna;Transferencia;$ 74.000,00;$ 15.600,00
102;03/01/2024;Juan;Castro;Mixto;Libre;Nocturna;Efectivo;$ 25.000,00;$ 2.300,00
103;03/01/2024;Juan;Castro;Bebidas;Platino;Diurna;Transferencia;$ 45.000,00;$ 15.000,00
104;03/01/2024;Pedro;Sánchez;Bebidas;Libre;Nocturna;Efectivo;$ 126.000,00;$ 6.150,00
105;03/01/2024;Pedro;Sánchez;Bebidas;VIP;Diurna;Débito;$ 29.000,00;$ 3.600,00
106;03/01/2024;Pedro;Sánchez;Mixto;Platino;Diurna;Efectivo;$ 84.000,00;$ 1.400,00
107;03/01/2024;Pedro;Sánchez;Alimentos;VIP;Nocturna;Débito;$ 87.320,00;$ 3.600,00
108;03/01/2024;Pedro;Sánchez;Alimentos;Libre;Diurna;Débito;$ 152.525,00;$ 7.200,00
109;03/01/2024;Pedro;Sánchez;Alimentos;VIP;Diurna;Transferencia;$ 44.792,00;$ 5.400,00
110;03/01/2024;Pedro;Sánchez;Mixto;VIP;Diurna;Efectivo;$ 76.850,00;$ 1.100,00
111;03/01/2024;Pedro;Sánchez;Bebidas;Libre;Nocturna;Transferencia;$ 80.183,00;$ 4.080,00
112;03/01/2024;Pedro;Sánchez;Bebidas;Platino;Nocturna;Efectivo;$ 82.591,00;$ 1.100,00
113;04/01/2024;Pedro;Sánchez;Mixto;Libre;Diurna;Débito;$ 150.639,00;$ 9.200,00
114;04/01/2024;Pedro;Sánchez;Alimentos;VIP;Nocturna;Débito;$ 62.735,00;$ 1.760,00
115;04/01/2024;Pedro;Sánchez;alimentos;Libre;Diurna;Transferencia;$ 68.725,00;$ 7.440,00
116;04/01/2024;Ana;Ruiz;Mixto;VIP;Nocturna;Débito;$ 173.750,00;$ 6.080,00
117;04/01/2024;Ana;Ruiz;Alimentos;Platino;Diurna;Efectivo;$ 40.795,00;$ 1.200,00
118;04/01/2024;Ana;Ruiz;Bebidas;Libre;Diurna;Transferencia;$ 108.530,00;$ 6.480,00
119;04/01/2024;Ana;Ruiz;Alimentos;VIP;Diurna;Efectivo;$ 37.200,00;$ 4.700,00
120;04/01/2024;Ana;Ruiz;Mixto;VIP;Diurna;Débito;$ 135.753,00;$ 5.920,00
121;04/01/2024;Ana;Ruiz;Bebidas;Platino;Diurna;Transferencia;$ 60.216,00;$ 14.880,00
122;04/01/2024;Juan;Castro;Bebidas;Libre;Nocturna;Débito;$ 120.946,00;$ 2.000,00
123;04/01/2024;Juan;Castro;Mixto;VIP;Nocturna;Efectivo;$ 101.839,00;$ 1.500,00
124;04/01/2024;Juan;Castro;Bebidas;Libre;Diurna;Transferencia;$ 100.834,00;$ 8.400,00
125;04/01/2024;Juan;Castro;Alimentos;VIP;Nocturna;Débito;$ 70.294,00;$ 2.400,00
126;04/01/2024;Pedro;Sánchez;Mixto;Libre;Diurna;Débito;$ 81.780,00;$ 3.600,00
127;04/01/2024;Pedro;Sánchez;Mixto;Platino;Nocturna;Transferencia;$ 148.886,00;$ 16.800,00
128;04/01/2024;Pedro;Sánchez;Alimentos;VIP;Diurna;Efectivo;$ 62.674,00;$ 2.250,00
129;04/01/2024;Pedro;Sánchez;Alimentos;VIP;Nocturna;Efectivo;$ 137.895,00;$ 5.250,00
130;04/01/2024;Pedro;Sánchez;mixto;Libre;Nocturna;Débito;$ 69.148,00;$ 2.560,00
131;04/01/2024;Pedro;Sánchez;Bebidas;Platino;Nocturna;Débito;$ 73.441,00;$ 3.600,00
132;04/01/2024;Juan;Castro;bebidas;VIP;Diurna;Efectivo;$ 155.752,00;$ 1.300,00
133;05/01/2024;Juan;Castro;Mixto;Libre;Nocturna;Transferencia;$ 123.902,00;$ 3.120,00
134;04/01/2024;Juan;Castro;Alimentos;Libre;Nocturna;Efectivo;$ 86.120,00;$ 1.600,00
135;05/01/2024;Juan;Castro;Alimentos;Platino;Nocturna;Efectivo;$ 81.064,00;$ 6.300,00
136;04/01/2024;Juan;Castro;Mixto;Libre;Nocturna;Transferencia;$ 132.626,00;$ 3.120,00
137;05/01/2024;Juan;Castro;Alimentos;Libre;Diurna;Débito;$ 35.467,00;$ 2.320,00
138;04/01/2024;Juan;Castro;Mixto;Platino;Diurna;Débito;$ 56.781,00;$ 7.680,00
139;05/01/2024;Juan;Castro;Alimentos;VIP;Nocturna;Débito;$ 45.336,00;$ 2.080,00
140;04/01/2024;Juan;Castro;Bebidas;Platino;Diurna;Transferencia;$ 57.577,00;$ 4.200,00
141;05/01/2024;Juan;Castro;Bebidas;VIP;Diurna;Efectivo;$ 93.895,00;$ 2.150,00
142;04/01/2024;Juan;Castro;Mixto;Libre;Nocturna;Débito;$ 169.896,00;$ 2.800,00
143;05/01/2024;Juan;Castro;Alimentos;Platino;Nocturna;Transferencia;$ 58.120,00;$ 4.200,00
144;06/01/2024;Juan;Castro;Bebidas;Libre;Nocturna;Débito;$ 67.742,00;$ 5.840,00
145;06/01/2024;Maria;Martinez;Bebidas;VIP;Nocturna;Transferencia;$ 30.935,00;$ 11.760,00
146;06/01/2024;Juan;Castro;alimentos;Libre;Diurna;Débito;$ 146.437,00;$ 2.800,00
147;06/01/2024;Ana;Ruiz;Mixto;Platino;Nocturna;Débito;$ 96.350,00;$ 6.720,00
148;06/01/2024;Ana;Ruiz;Alimentos;Libre;Diurna;Transferencia;$ 123.530,00;$ 15.480,00
149;06/01/2024;Ana;Ruiz;Alimentos;Platino;Nocturna;Débito;$ 88.231,00;$ 5.920,00
150;06/01/2024;Ana;Ruiz;Bebidas;VIP;Nocturna;Efectivo;$ 42.344,00;$ 1.700,00
151;06/01/2024;Ana;Ruiz;Mixto;Platino;Diurna;Transferencia;$ 76.909,00;$ 10.080,00
152;07/02/2024;Juan;Castro;Bebidas;VIP;Nocturna;Crédito;$ 88.269,00;$ 2.222,00
153;08/02/2024;Pedro;Sánchez;Alimentos;Libre;Diurna;Débito;$ 122.980,00;$ 8.785,00
154;07/02/2024;Maria;Martinez;mixto;Platino;Diurna;Débito;$ 109.931,00;$ 6.587,00
155;09/02/2024;Maria;Martinez;Bebidas;Libre;Nocturna;Efectivo;$ 148.558,00;$ 5.860,00
156;03/02/2024;Maria;Martinez;Alimentos;Libre;Diurna;Débito;$ 57.207,00;$ 5.904,00
157;0/02/2024;Maria;Martinez;Mixto;VIP;Diurna;Transferencia;$ 136.159,00;$ 19.606,00
158;05/02/2024;Maria;Martinez;Alimentos;Platino;Diurna;Efectivo;$ 30.423,00;$ 20.774,00
159;01/02/2024;Juan;Castro;Bebidas;Platino;Diurna;Crédito;$ 73.540,00;$ 9.679,00
160;02/02/2024;Juan;Castro;Alimentos;Platino;Diurna;Crédito;$ 82.316,00;$ 15.451,00
161;03/02/2024;Carlos;López;Mixto;Platino;Nocturna;Débito;$ 33.667,00;$ 7.595,00
162;02/02/2024;Carlos;López;Alimentos;Platino;Nocturna;Transferencia;$ 69.476,00;$ 10.259,00
163;09/02/2024;Maria;Martinez;Bebidas;VIP;Nocturna;Crédito;$ 36.592,00;$ 6.280,00
164;03/02/2024;Juan;Castro;Bebidas;VIP;Diurna;Débito;$ 101.318,00;$ 3.226,00
165;09/02/2024;Juan;Castro;Alimentos;Platino;Nocturna;Transferencia;$ 72.409,00;$ 14.642,00
166;01/02/2024;Juan;Castro;Bebidas;VIP;Diurna;Efectivo;$ 72.438,00;$ 4.942,00
167;01/02/2024;Pedro;Sánchez;Mixto;Libre;Nocturna;Efectivo;$ 64.064,00;$ 7.780,00
168;05/02/2024;Ana;Ruiz;mixto;Platino;Diurna;Crédito;$ 33.613,00;$ 7.942,00
169;02/02/2024;Juan;Castro;Alimentos;Platino;Nocturna;Transferencia;$ 108.718,00;$ 13.739,00
170;03/02/2024;Carlos;López;Mixto;Platino;Nocturna;Efectivo;$ 66.799,00;$ 4.166,00
171;08/02/2024;Ana;Ruiz;Alimentos;Platino;Nocturna;Débito;$ 148.923,00;$ 8.818,00
172;08/02/2024;Pedro;Sánchez;Mixto;VIP;Diurna;Transferencia;$ 63.688,00;$ 9.727,00
173;01/02/2024;Ana;Ruiz;Mixto;VIP;Nocturna;Efectivo;$ 77.695,00;$ 9.883,00
174;09/02/2024;Ana;Ruiz;bebidas;Platino;Nocturna;Transferencia;$ 146.017,00;$ 11.088,00
175;04/02/2024;Carlos;López;Mixto;VIP;Nocturna;Débito;$ 61.021,00;$ 8.824,00
176;08/02/2024;Juan;Castro;Bebidas;Libre;Nocturna;Efectivo;$ 86.704,00;$ 9.881,00
177;08/02/2024;Carlos;López;Bebidas;VIP;Nocturna;Efectivo;$ 146.191,00;$ 6.579,00
178;03/02/2024;Juan;Castro;Alimentos;VIP;Diurna;Transferencia;$ 65.601,00;$ 16.270,00
179;06/02/2024;Carlos;López;Alimentos;Libre;Diurna;Efectivo;$ 94.336,00;$ 11.462,00
180;02/02/2024;Carlos;López;Alimentos;Platino;Diurna;Débito;$ 146.069,00;$ 22.868,00
181;0/02/2024;Ana;Ruiz;Alimentos;Libre;Diurna;Débito;$ 79.782,00;$ 12.642,00
182;06/02/2024;Pedro;Sánchez;Mixto;Libre;Nocturna;Crédito;$ 106.538,00;$ 17.039,00
183;07/02/2024;Juan;Castro;Bebidas;VIP;Nocturna;Crédito;$ 88.075,00;$ 7.256,00
184;08/02/2024;Juan;Castro;Bebidas;VIP;Diurna;Efectivo;$ 67.699,00;$ 5.117,00
185;07/02/2024;Juan;Castro;Bebidas;Platino;Diurna;Efectivo;$ 67.746,00;$ 3.912,00
186;09/02/2024;Carlos;López;Bebidas;Libre;Nocturna;Crédito;$ 108.728,00;$ 3.640,00
187;09/02/2024;Juan;Castro;Bebidas;VIP;Diurna;Débito;$ 161.460,00;$ 3.857,00
188;0/02/2024;Ana;Ruiz;Alimentos;VIP;Diurna;Efectivo;$ 67.777,00;$ 11.829,00
189;03/02/2024;Juan;Castro;Mixto;Platino;Nocturna;Transferencia;$ 146.521,00;$ 7.057,00
190;01/02/2024;Ana;Ruiz;Bebidas;Platino;Diurna;Débito;$ 123.762,00;$ 3.768,00
191;09/02/2024;Juan;Castro;Bebidas;Libre;Nocturna;Efectivo;$ 139.645,00;$ 6.485,00
192;02/02/2024;Juan;Castro;Bebidas;VIP;Diurna;Débito;$ 69.674,00;$ 5.663,00
193;07/02/2024;Carlos;López;Alimentos;Libre;Diurna;Débito;$ 153.743,00;$ 15.495,00
194;02/02/2024;Carlos;López;Alimentos;Libre;Nocturna;Transferencia;$ 122.056,00;$ 16.819,00
195;08/02/2024;Juan;Castro;Bebidas;Platino;Nocturna;Transferencia;$ 157.535,00;$ 6.334,00
196;01/02/2024;Juan;Castro;Bebidas;Libre;Diurna;Débito;$ 102.164,00;$ 4.156,00
197;08/02/2024;Juan;Castro;Mixto;Platino;Diurna;Transferencia;$ 75.758,00;$ 19.466,00
198;04/02/2024;Carlos;López;Mixto;Platino;Nocturna;Efectivo;$ 36.509,00;$ 11.690,00
199;06/02/2024;Ana;Ruiz;Bebidas;Platino;Diurna;Crédito;$ 98.042,00;$ 5.824,00
200;06/02/2024;Juan;Castro;Alimentos;VIP;Diurna;Transferencia;$ 141.496,00;$ 9.630,00
201;03/02/2024;Ana;Ruiz;Bebidas;Platino;Nocturna;Débito;$ 62.367,00;$ 4.170,00
202;07/02/2024;Ana;Ruiz;Bebidas;Platino;Diurna;Efectivo;$ 57.189,00;$ 4.644,00
203;04/02/2024;Pedro;Sánchez;Bebidas;Platino;Diurna;Débito;$ 139.303,00;$ 6.476,00
204;07/02/2024;Juan;Castro;Alimentos;VIP;Nocturna;Transferencia;$ 74.219,00;$ 6.577,00
205;02/02/2024;Carlos;López;Mixto;VIP;Nocturna;Efectivo;$ 82.995,00;$ 11.613,00
206;01/02/2024;Juan;Castro;Alimentos;Libre;Diurna;Efectivo;$ 72.340,00;$ 19.876,00
207;07/02/2024;Juan;Castro;Alimentos;VIP;Diurna;Transferencia;$ 93.788,00;$ 9.184,00
208;08/02/2024;Ana;Ruiz;Mixto;VIP;Nocturna;Débito;$ 107.522,00;$ 6.188,00
209;04/02/2024;Maria;Martinez;Mixto;Platino;Nocturna;Transferencia;$ 59.066,00;$ 19.305,00
210;08/02/2024;Ana;Ruiz;Bebidas;Libre;Diurna;Débito;$ 122.571,00;$ 8.544,00
211;02/02/2024;Ana;Ruiz;Bebidas;Libre;Diurna;Crédito;$ 116.826,00;$ 3.095,00
212;05/02/2024;Ana;Ruiz;Mixto;VIP;Nocturna;Débito;$ 59.081,00;$ 17.063,00
213;04/02/2024;Juan;Castro;Mixto;Platino;Diurna;Transferencia;$ 174.849,00;$ 5.931,00
214;0/02/2024;Juan;Castro;Bebidas;Libre;Nocturna;Transferencia;$ 120.264,00;$ 10.797,00
215;01/02/2024;Ana;Ruiz;Bebidas;VIP;Diurna;Transferencia;$ 79.926,00;$ 5.284,00
216;09/02/2024;Juan;Castro;Mixto;VIP;Diurna;Crédito;$ 39.049,00;$ 8.342,00
217;03/02/2024;Juan;Castro;Bebidas;Platino;Nocturna;Efectivo;$ 84.102,00;$ 5.093,00
218;05/02/2024;Juan;Castro;Alimentos;Platino;Diurna;Crédito;$ 105.510,00;$ 5.203,00
219;02/02/2024;Ana;Ruiz;Mixto;Platino;Nocturna;Débito;$ 36.000,00;$ 16.386,00
220;06/02/2024;Ana;Ruiz;Alimentos;Libre;Diurna;Efectivo;$ 45.000,00;$ 14.878,00
221;07/03/2024;Juan;Castro;Alimentos;VIP;Nocturna;Efectivo;$ 32.000,00;$ 8.348,00
222;07/03/2024;Pedro;Sánchez;Alimentos;Platino;Nocturna;Efectivo;$ 26.000,00;$ 13.433,00
223;0/03/2024;Carlos;López;bebidas;Platino;Diurna;Transferencia;$ 26.000,00;$ 9.645,00
224;06/03/2024;Pedro;Sánchez;Bebidas;Platino;Diurna;Débito;$ 81.956,00;$ 8.533,00
225;0/03/2024;Pedro;Sánchez;Mixto;VIP;Nocturna;Crédito;$ 32.975,00;$ 12.941,00
226;07/03/2024;Juan;Castro;Bebidas;Libre;Nocturna;Transferencia;$ 136.659,00;$ 8.125,00
227;09/03/2024;Juan;Castro;Mixto;Libre;Nocturna;Transferencia;$ 150.055,00;$ 4.630,00
228;07/03/2024;Juan;Castro;Bebidas;Libre;Diurna;Crédito;$ 116.979,00;$ 6.898,00
229;02/03/2024;Juan;Castro;Mixto;VIP;Diurna;Crédito;$ 80.090,00;$ 8.939,00
230;02/03/2024;Ana;Ruiz;Alimentos;Libre;Diurna;Transferencia;$ 101.089,00;$ 6.167,00
231;09/03/2024;Juan;Castro;Bebidas;Platino;Diurna;Transferencia;$ 67.696,00;$ 3.638,00
232;04/03/2024;Juan;Castro;Alimentos;Libre;Diurna;Transferencia;$ 39.082,00;$ 19.581,00
233;08/03/2024;Carlos;López;Bebidas;Platino;Diurna;Efectivo;$ 59.873,00;$ 5.267,00
234;05/03/2024;Ana;Ruiz;Alimentos;Libre;Diurna;Efectivo;$ 82.222,00;$ 11.037,00
235;07/03/2024;Ana;Ruiz;Bebidas;Libre;Diurna;Crédito;$ 87.201,00;$ 3.865,00
236;07/03/2024;Ana;Ruiz;Alimentos;Platino;Nocturna;Crédito;$ 77.081,00;$ 5.078,00
237;06/03/2024;Pedro;Sánchez;Mixto;Libre;Diurna;Débito;$ 100.310,00;$ 6.212,00
238;03/03/2024;Juan;Castro;Alimentos;VIP;Diurna;Transferencia;$ 94.830,00;$ 7.120,00
239;01/03/2024;Ana;Ruiz;Bebidas;Platino;Nocturna;Efectivo;$ 65.773,00;$ 6.514,00
240;05/03/2024;Carlos;López;Mixto;Libre;Diurna;Crédito;$ 35.094,00;$ 10.912,00
241;07/03/2024;Juan;Castro;Alimentos;Platino;Nocturna;Crédito;$ 62.000,00;$ 8.039,00
242;07/03/2024;Juan;Castro;Bebidas;Libre;Nocturna;Débito;$ 93.973,00;$ 11.674,00
243;07/03/2024;Juan;Castro;Mixto;Platino;Nocturna;Débito;$ 31.074,00;$ 12.481,00
244;09/03/2024;Carlos;López;Bebidas;Libre;Diurna;Efectivo;$ 143.404,00;$ 3.691,00
245;05/03/2024;Carlos;López;Bebidas;VIP;Diurna;Crédito;$ 69.831,00;$ 1.888,00
246;04/03/2024;Ana;Ruiz;Alimentos;Platino;Nocturna;Transferencia;$ 140.959,00;$ 6.412,00
247;09/03/2024;Juan;Castro;Bebidas;VIP;Diurna;Transferencia;$ 96.742,00;$ 2.392,00
248;02/03/2024;Carlos;López;mixto;Platino;Diurna;Transferencia;$ 126.334,00;$ 8.022,00
249;03/03/2024;Ana;Ruiz;Bebidas;Libre;Nocturna;Crédito;$ 132.073,00;$ 10.372,00
250;0/03/2024;Pedro;Sánchez;Bebidas;Platino;Diurna;Efectivo;$ 76.322,00;$ 8.950,00
251;03/03/2024;Juan;Castro;alimentos;Libre;Diurna;Crédito;$ 74.951,00;$ 4.670,00
252;05/03/2024;Juan;Castro;Alimentos;Platino;Nocturna;Transferencia;$ 70.663,00;$ 21.836,00
253;06/03/2024;Pedro;Sánchez;Mixto;Platino;Nocturna;Transferencia;$ 65.398,00;$ 17.141,00
254;06/03/2024;Juan;Castro;Bebidas;Libre;Diurna;Transferencia;$ 116.681,00;$ 4.464,00
255;06/03/2024;Ana;Ruiz;Mixto;VIP;Nocturna;Efectivo;$ 42.133,00;$ 12.706,00
256;09/03/2024;Ana;Ruiz;Mixto;VIP;Diurna;Efectivo;$ 100.272,00;$ 6.298,00
257;01/03/2024;Carlos;López;Alimentos;Libre;Diurna;Transferencia;$ 50.431,00;$ 15.795,00
258;09/03/2024;Ana;Ruiz;Alimentos;Platino;Nocturna;Crédito;$ 114.931,00;$ 4.222,00
259;08/03/2024;Juan;Castro;alimentos;VIP;Nocturna;Efectivo;$ 135.153,00;$ 10.608,00
260;07/03/2024;Maria;Martinez;Alimentos;VIP;Nocturna;Transferencia;$ 166.541,00;$ 12.494,00
261;01/03/2024;Juan;Castro;Bebidas;VIP;Diurna;Transferencia;$ 102.100,00;$ 6.522,00
262;03/03/2024;Ana;Ruiz;Mixto;VIP;Diurna;Débito;$ 56.861,00;$ 8.039,00
263;07/03/2024;Carlos;López;Mixto;Platino;Diurna;Transferencia;$ 77.258,00;$ 13.988,00
264;06/03/2024;Ana;Ruiz;Bebidas;VIP;Nocturna;Débito;$ 74.619,00;$ 8.353,00
265;03/03/2024;Carlos;López;Mixto;VIP;Diurna;Transferencia;$ 53.430,00;$ 8.467,00
266;02/03/2024;Pedro;Sánchez;Alimentos;Libre;Diurna;Efectivo;$ 33.245,00;$ 13.911,00
267;02/03/2024;Ana;Ruiz;Bebidas;VIP;Nocturna;Débito;$ 149.847,00;$ 3.397,00
268;0/03/2024;Carlos;López;Bebidas;Libre;Nocturna;Débito;$ 163.375,00;$ 5.630,00
269;06/03/2024;Juan;Castro;Bebidas;VIP;Nocturna;Efectivo;$ 54.351,00;$ 6.547,00
270;02/03/2024;Juan;Castro;Mixto;VIP;Nocturna;Efectivo;$ 69.044,00;$ 11.451,00
271;05/03/2024;Juan;Castro;Bebidas;VIP;Nocturna;Efectivo;$ 49.929,00;$ 2.159,00
272;0/03/2024;Carlos;López;Mixto;Libre;Diurna;Transferencia;$ 53.069,00;$ 6.757,00
273;09/03/2024;Juan;Castro;Alimentos;Libre;Diurna;Efectivo;$ 80.191,00;$ 16.855,00
274;02/03/2024;Carlos;López;Mixto;Platino;Nocturna;Débito;$ 84.551,00;$ 9.271,00
275;06/03/2024;Juan;Castro;Bebidas;Platino;Nocturna;Transferencia;$ 90.074,00;$ 4.669,00
276;05/03/2024;Juan;Castro;Bebidas;Platino;Diurna;Crédito;$ 126.799,00;$ 6.155,00
277;02/03/2024;Juan;Castro;Bebidas;VIP;Nocturna;Transferencia;$ 92.605,00;$ 4.899,00
278;01/03/2024;Pedro;Sánchez;Mixto;Libre;Diurna;Transferencia;$ 116.898,00;$ 12.671,00
279;04/03/2024;Pedro;Sánchez;Alimentos;Libre;Nocturna;Crédito;$ 130.561,00;$ 5.224,00
280;06/03/2024;Juan;Castro;Bebidas;VIP;Nocturna;Efectivo;$ 139.493,00;$ 7.583,00
281;07/03/2024;Carlos;López;Alimentos;Libre;Diurna;Efectivo;$ 90.638,00;$ 10.220,00
282;05/03/2024;Carlos;López;Mixto;Platino;Diurna;Débito;$ 127.020,00;$ 19.255,00
283;05/03/2024;Pedro;Sánchez;Bebidas;Platino;Diurna;Crédito;$ 98.214,00;$ 4.114,00
284;05/03/2024;Ana;Ruiz;Alimentos;Libre;Nocturna;Efectivo;$ 138.251,00;$ 6.829,00
285;02/03/2024;Ana;Ruiz;Alimentos;VIP;Diurna;Crédito;$ 54.572,00;$ 4.849,00
286;07/03/2024;Carlos;López;Mixto;Libre;Diurna;Crédito;$ 95.990,00;$ 9.877,00
287;04/03/2024;Ana;Ruiz;alimentos;Libre;Diurna;Transferencia;$ 80.550,00;$ 12.002,00
288;09/03/2024;Carlos;López;Mixto;VIP;Diurna;Débito;$ 83.344,00;$ 7.101,00
289;05/03/2024;Juan;Castro;Alimentos;Platino;Diurna;Crédito;$ 80.251,00;$ 19.913,00
290;05/03/2024;Ana;Ruiz;Mixto;Platino;Diurna;Efectivo;$ 158.238,00;$ 11.757,00
291;03/03/2024;Ana;Ruiz;Alimentos;VIP;Nocturna;Débito;$ 129.933,00;$ 16.531,00
292;01/04/2024;Ana;Ruiz;Alimentos;Libre;Diurna;Efectivo;$ 119.196,00;$ 8.483,00
293;01/04/2024;Pedro;Sánchez;Bebidas;Platino;Diurna;Crédito;$ 167.927,00;$ 10.906,00
294;09/04/2024;Juan;Castro;Bebidas;Libre;Diurna;Crédito;$ 160.994,00;$ 5.312,00
295;04/04/2024;Juan;Castro;Alimentos;Platino;Nocturna;Transferencia;$ 51.183,00;$ 17.659,00
296;09/04/2024;Juan;Castro;Bebidas;Platino;Diurna;Crédito;$ 63.947,00;$ 1.890,00
297;03/04/2024;Ana;Ruiz;Mixto;VIP;Nocturna;Transferencia;$ 73.992,00;$ 8.893,00
298;02/04/2024;Pedro;Sánchez;Alimentos;Platino;Diurna;Débito;$ 70.986,00;$ 8.035,00
299;08/04/2024;Pedro;Sánchez;Alimentos;Platino;Diurna;Efectivo;$ 139.369,00;$ 12.314,00
300;03/04/2024;Carlos;López;Bebidas;Platino;Diurna;Efectivo;$ 106.968,00;$ 10.135,00
301;0/04/2024;Carlos;López;Mixto;Platino;Nocturna;Efectivo;$ 31.871,00;$ 12.266,00
302;04/04/2024;Juan;Castro;Mixto;Libre;Diurna;Crédito;$ 81.328,00;$ 11.983,00
303;01/04/2024;Juan;Castro;bebidas;VIP;Diurna;Crédito;$ 36.271,00;$ 4.113,00
304;09/04/2024;Juan;Castro;Alimentos;VIP;Nocturna;Efectivo;$ 70.263,00;$ 17.885,00
305;0/04/2024;Juan;Castro;Mixto;Libre;Nocturna;Efectivo;$ 114.390,00;$ 13.742,00
306;06/04/2024;Carlos;López;Mixto;VIP;Diurna;Efectivo;$ 169.608,00;$ 14.497,00
307;01/04/2024;Juan;Castro;Bebidas;Platino;Nocturna;Transferencia;$ 70.999,00;$ 3.063,00
308;03/04/2024;Ana;Ruiz;Alimentos;VIP;Nocturna;Efectivo;$ 63.787,00;$ 14.234,00
309;01/04/2024;Carlos;López;Alimentos;Libre;Diurna;Débito;$ 71.066,00;$ 19.159,00
310;02/04/2024;Carlos;López;Bebidas;Platino;Nocturna;Efectivo;$ 118.902,00;$ 2.397,00
311;0/04/2024;Juan;Castro;Mixto;VIP;Diurna;Débito;$ 132.305,00;$ 17.708,00
312;03/04/2024;Ana;Ruiz;Bebidas;VIP;Nocturna;Transferencia;$ 124.900,00;$ 4.710,00
313;06/04/2024;Juan;Castro;Mixto;Platino;Nocturna;Efectivo;$ 75.682,00;$ 13.284,00
314;06/04/2024;Juan;Castro;Alimentos;Libre;Diurna;Débito;$ 114.868,00;$ 9.825,00
315;05/04/2024;Ana;Ruiz;Alimentos;Platino;Diurna;Efectivo;$ 120.851,00;$ 16.499,00
316;02/04/2024;Pedro;Sánchez;Bebidas;VIP;Diurna;Transferencia;$ 132.217,00;$ 8.788,00
317;07/04/2024;Carlos;López;Bebidas;Platino;Diurna;Transferencia;$ 65.153,00;$ 11.948,00
318;02/04/2024;Carlos;López;Mixto;Libre;Nocturna;Transferencia;$ 71.901,00;$ 13.187,00
319;07/04/2024;Juan;Castro;Alimentos;Libre;Nocturna;Crédito;$ 74.118,00;$ 17.956,00
320;01/04/2024;Ana;Ruiz;mixto;Platino;Nocturna;Crédito;$ 87.510,00;$ 12.589,00
321;08/04/2024;Ana;Ruiz;Alimentos;Libre;Nocturna;Crédito;$ 91.413,00;$ 12.504,00
322;07/04/2024;Pedro;Sánchez;Bebidas;Libre;Diurna;Débito;$ 67.203,00;$ 3.937,00
323;08/04/2024;Ana;Ruiz;Mixto;VIP;Diurna;Transferencia;$ 67.494,00;$ 13.559,00
324;07/04/2024;Ana;Ruiz;Mixto;Platino;Diurna;Crédito;$ 118.257,00;$ 10.022,00
325;02/04/2024;Juan;Castro;Mixto;Platino;Diurna;Crédito;$ 62.184,00;$ 9.317,00
326;07/04/2024;Pedro;Sánchez;Alimentos;Platino;Nocturna;Transferencia;$ 70.000,00;$ 7.264,00
327;09/04/2024;Juan;Castro;Alimentos;Libre;Diurna;Efectivo;$ 145.000,00;$ 16.791,00
328;01/04/2024;Pedro;Sánchez;Mixto;Libre;Diurna;Efectivo;$ 32.000,00;$ 5.271,00
329;09/04/2024;Ana;Ruiz;Alimentos;Platino;Nocturna;Débito;$ 124.000,00;$ 8.365,00
330;0/04/2024;Juan;Castro;Mixto;Libre;Nocturna;Efectivo;$ 105.000,00;$ 9.110,00
331;01/04/2024;Carlos;López;Mixto;VIP;Nocturna;Transferencia;$ 32.000,00;$ 11.807,00
332;07/04/2024;Ana;Ruiz;bebidas;VIP;Nocturna;Transferencia;$ 26.000,00;$ 2.952,00
333;07/04/2024;Juan;Castro;Alimentos;Platino;Diurna;Crédito;$ 26.000,00;$ 7.028,00
334;05/04/2024;Carlos;López;Alimentos;Libre;Nocturna;Efectivo;$ 96.000,00;$ 19.041,00
335;05/04/2024;Pedro;Sánchez;Bebidas;Platino;Diurna;Débito;$ 35.000,00;$ 7.937,00
336;06/04/2024;Ana;Ruiz;Bebidas;VIP;Nocturna;Efectivo;$ 35.000,00;$ 3.941,00
337;03/04/2024;Juan;Castro;Bebidas;Libre;Nocturna;Crédito;$ 49.155,00;$ 4.612,00
338;04/04/2024;Juan;Castro;Mixto;VIP;Diurna;Transferencia;$ 73.201,00;$ 5.146,00
339;04/04/2024;Carlos;López;Alimentos;Libre;Diurna;Débito;$ 138.894,00;$ 9.966,00
340;0/04/2024;Juan;Castro;Mixto;VIP;Nocturna;Crédito;$ 49.829,00;$ 10.894,00
341;06/04/2024;Ana;Ruiz;Alimentos;VIP;Nocturna;Efectivo;$ 78.735,00;$ 9.893,00
342;07/04/2024;Juan;Castro;Bebidas;VIP;Nocturna;Débito;$ 140.284,00;$ 5.087,00
343;08/04/2024;Ana;Ruiz;Mixto;Libre;Nocturna;Transferencia;$ 65.295,00;$ 14.641,00
344;02/04/2024;Pedro;Sánchez;Alimentos;Libre;Diurna;Efectivo;$ 120.783,00;$ 16.528,00
345;01/04/2024;Carlos;López;bebidas;Libre;Diurna;Transferencia;$ 88.386,00;$ 8.454,00
346;0/04/2024;Juan;Castro;Mixto;VIP;Diurna;Transferencia;$ 70.643,00;$ 19.847,00
347;02/04/2024;Pedro;Sánchez;Alimentos;VIP;Diurna;Crédito;$ 51.947,00;$ 21.610,00
348;04/04/2024;Ana;Ruiz;Bebidas;VIP;Nocturna;Efectivo;$ 77.719,00;$ 4.292,00
349;07/04/2024;Ana;Ruiz;Mixto;Libre;Diurna;Débito;$ 150.484,00;$ 13.590,00
350;08/04/2024;Juan;Castro;Alimentos;VIP;Diurna;Transferencia;$ 55.940,00;$ 8.137,00
351;06/04/2024;Juan;Castro;Alimentos;Platino;Nocturna;Crédito;$ 59.948,00;$ 10.898,00
352;01/04/2024;Maria;Martinez;mixto;Platino;Nocturna;Débito;$ 75.298,00;$ 9.675,00
353;02/04/2024;Juan;Castro;Alimentos;VIP;Diurna;Efectivo;$ 130.996,00;$ 15.245,00
354;03/04/2024;Carlos;López;Mixto;Platino;Nocturna;Efectivo;$ 65.321,00;$ 5.299,00
355;08/04/2024;Juan;Castro;Bebidas;Libre;Nocturna;Crédito;$ 103.531,00;$ 3.960,00
356;05/04/2024;Pedro;Sánchez;Bebidas;Platino;Diurna;Transferencia;$ 110.390,00;$ 3.945,00
357;04/04/2024;Juan;Castro;Mixto;Libre;Nocturna;Efectivo;$ 141.753,00;$ 9.790,00
358;0/04/2024;Juan;Castro;Alimentos;Platino;Nocturna;Débito;$ 108.377,00;$ 14.203,00
359;06/04/2024;Juan;Castro;Bebidas;VIP;Diurna;Efectivo;$ 79.064,00;$ 3.836,00
360;08/04/2024;Maria;Martinez;Bebidas;Libre;Diurna;Efectivo;$ 145.112,00;$ 3.893,00
361;03/04/2024;Maria;Martinez;Bebidas;Libre;Diurna;Efectivo;$ 176.265,00;$ 6.035,00
362;02/04/2024;Ana;Ruiz;Mixto;VIP;Nocturna;Transferencia;$ 34.361,00;$ 12.155,00
363;05/04/2024;Juan;Castro;Mixto;VIP;Nocturna;Crédito;$ 132.839,00;$ 7.537,00
364;05/04/2024;Maria;Martinez;Alimentos;Libre;Nocturna;Transferencia;$ 178.174,00;$ 9.190,00
365;01/05/2024;Maria;Martinez;Bebidas;VIP;Nocturna;Efectivo;$ 51.654,00;$ 9.773,00
366;09/05/2024;Juan;Castro;Mixto;Platino;Nocturna;Efectivo;$ 98.842,00;$ 3.391,00
367;08/05/2024;Juan;Castro;Bebidas;VIP;Diurna;Transferencia;$ 91.961,00;$ 3.177,00
368;06/05/2024;Juan;Castro;Alimentos;Platino;Diurna;Débito;$ 146.205,00;$ 9.431,00
369;02/05/2024;Ana;Ruiz;Mixto;VIP;Diurna;Débito;$ 82.594,00;$ 8.545,00
370;0/05/2024;Ana;Ruiz;Mixto;Libre;Nocturna;Débito;$ 56.305,00;$ 3.785,00
371;08/05/2024;Carlos;López;Bebidas;VIP;Diurna;Transferencia;$ 161.026,00;$ 6.298,00
372;01/05/2024;Maria;Martinez;Alimentos;Libre;Diurna;Efectivo;$ 73.699,00;$ 9.025,00
373;07/05/2024;Juan;Castro;Alimentos;Platino;Nocturna;Débito;$ 172.653,00;$ 10.729,00
374;04/05/2024;Ana;Ruiz;alimentos;Libre;Nocturna;Crédito;$ 62.496,00;$ 12.727,00
375;07/05/2024;Ana;Ruiz;Mixto;VIP;Diurna;Débito;$ 44.735,00;$ 12.376,00
376;01/05/2024;Pedro;Sánchez;Alimentos;Platino;Diurna;Transferencia;$ 57.730,00;$ 9.525,00
377;01/05/2024;Pedro;Sánchez;Alimentos;Libre;Diurna;Crédito;$ 73.939,00;$ 5.966,00
378;07/05/2024;Juan;Castro;Mixto;Platino;Diurna;Débito;$ 142.235,00;$ 11.693,00
379;06/05/2024;Juan;Castro;Bebidas;Libre;Nocturna;Transferencia;$ 112.428,00;$ 3.975,00
380;09/05/2024;Juan;Castro;Bebidas;Libre;Diurna;Crédito;$ 120.269,00;$ 3.652,00
381;05/05/2024;Juan;Castro;Alimentos;Libre;Diurna;Débito;$ 69.359,00;$ 16.594,00
382;04/05/2024;Ana;Ruiz;mixto;Libre;Diurna;Débito;$ 39.275,00;$ 3.311,00
383;06/05/2024;Juan;Castro;Alimentos;VIP;Nocturna;Transferencia;$ 32.106,00;$ 10.252,00
384;08/05/2024;Carlos;López;Bebidas;Libre;Diurna;Débito;$ 76.620,00;$ 5.138,00
385;02/05/2024;Juan;Castro;Alimentos;Platino;Diurna;Débito;$ 53.352,00;$ 15.573,00
386;08/05/2024;Juan;Castro;Alimentos;VIP;Nocturna;Débito;$ 77.145,00;$ 16.354,00
387;02/05/2024;Pedro;Sánchez;Bebidas;Platino;Nocturna;Crédito;$ 80.032,00;$ 6.263,00
388;05/05/2024;Juan;Castro;Mixto;Platino;Diurna;Transferencia;$ 71.501,00;$ 4.541,00
389;09/05/2024;Ana;Ruiz;Alimentos;VIP;Nocturna;Débito;$ 79.333,00;$ 18.491,00
390;02/05/2024;Juan;Castro;alimentos;Libre;Nocturna;Débito;$ 88.452,00;$ 15.366,00
391;02/05/2024;Juan;Castro;Alimentos;Libre;Nocturna;Crédito;$ 134.321,00;$ 9.485,00
392;03/05/2024;Juan;Castro;Mixto;VIP;Nocturna;Transferencia;$ 140.181,00;$ 15.151,00
393;01/05/2024;Juan;Castro;Alimentos;Libre;Diurna;Transferencia;$ 106.778,00;$ 16.360,00
394;08/05/2024;Juan;Castro;Bebidas;VIP;Nocturna;Efectivo;$ 166.879,00;$ 6.713,00
395;0/05/2024;Ana;Ruiz;Mixto;Libre;Nocturna;Crédito;$ 85.941,00;$ 16.765,00
396;03/05/2024;Pedro;Sánchez;Bebidas;Libre;Diurna;Efectivo;$ 148.206,00;$ 11.925,00
397;05/05/2024;Ana;Ruiz;Bebidas;VIP;Nocturna;Crédito;$ 62.910,00;$ 6.205,00
398;08/05/2024;Juan;Castro;Alimentos;Libre;Nocturna;Crédito;$ 65.064,00;$ 14.498,00
399;03/05/2024;Pedro;Sánchez;Bebidas;Platino;Diurna;Transferencia;$ 88.578,00;$ 4.512,00
400;02/05/2024;Ana;Ruiz;Alimentos;Libre;Diurna;Transferencia;$ 81.373,00;$ 6.165,00
401;01/05/2024;Carlos;López;Alimentos;VIP;Nocturna;Débito;$ 81.991,00;$ 11.541,00
402;01/05/2024;Pedro;Sánchez;Alimentos;Platino;Nocturna;Crédito;$ 88.472,00;$ 12.476,00
403;05/05/2024;Carlos;López;Alimentos;Platino;Nocturna;Crédito;$ 47.020,00;$ 10.200,00
404;08/05/2024;Carlos;López;Mixto;VIP;Diurna;Efectivo;$ 70.605,00;$ 10.946,00
405;09/05/2024;Carlos;López;Alimentos;VIP;Diurna;Transferencia;$ 147.918,00;$ 10.123,00
406;06/05/2024;Pedro;Sánchez;Bebidas;Platino;Nocturna;Débito;$ 129.398,00;$ 3.330,00
407;0/05/2024;Ana;Ruiz;Alimentos;Libre;Diurna;Débito;$ 71.485,00;$ 12.492,00
408;01/05/2024;Juan;Castro;Bebidas;Libre;Nocturna;Crédito;$ 102.055,00;$ 3.972,00
409;02/05/2024;Pedro;Sánchez;Mixto;Libre;Diurna;Crédito;$ 81.013,00;$ 6.235,00
410;04/05/2024;Pedro;Sánchez;Mixto;VIP;Diurna;Crédito;$ 52.782,00;$ 4.941,00
411;04/05/2024;Pedro;Sánchez;Mixto;Libre;Nocturna;Débito;$ 137.782,00;$ 6.930,00
412;05/05/2024;Juan;Castro;Alimentos;Platino;Diurna;Efectivo;$ 34.155,00;$ 7.639,00
413;08/05/2024;Ana;Ruiz;Mixto;Platino;Diurna;Débito;$ 126.131,00;$ 5.514,00
414;08/05/2024;Pedro;Sánchez;Bebidas;VIP;Nocturna;Transferencia;$ 137.394,00;$ 10.461,00
415;08/05/2024;Juan;Castro;mixto;VIP;Nocturna;Crédito;$ 148.657,00;$ 12.234,00
416;09/05/2024;Carlos;López;Alimentos;Platino;Diurna;Crédito;$ 83.330,00;$ 7.475,00
417;01/05/2024;Maria;Martinez;Alimentos;VIP;Diurna;Efectivo;$ 87.099,00;$ 10.258,00
418;02/05/2024;Ana;Ruiz;Bebidas;Platino;Nocturna;Débito;$ 45.901,00;$ 2.484,00
419;06/05/2024;Carlos;López;Mixto;Platino;Nocturna;Crédito;$ 39.842,00;$ 6.676,00
420;06/05/2024;Ana;Ruiz;Mixto;Libre;Diurna;Efectivo;$ 75.313,00;$ 5.399,00
421;04/05/2024;Juan;Castro;Alimentos;VIP;Diurna;Efectivo;$ 87.241,00;$ 17.867,00
422;02/05/2024;Carlos;López;Mixto;Libre;Diurna;Transferencia;$ 161.749,00;$ 14.117,00
423;05/05/2024;Juan;Castro;Mixto;Platino;Diurna;Débito;$ 127.385,00;$ 11.772,00
424;02/05/2024;Pedro;Sánchez;Alimentos;Platino;Nocturna;Transferencia;$ 67.847,00;$ 18.481,00
425;09/05/2024;Ana;Ruiz;Alimentos;Platino;Diurna;Crédito;$ 102.668,00;$ 6.103,00
426;07/05/2024;Juan;Castro;Mixto;Libre;Diurna;Transferencia;$ 70.039,00;$ 8.401,00
427;07/05/2024;Juan;Castro;Mixto;VIP;Nocturna;Crédito;$ 114.435,00;$ 6.110,00
428;05/05/2024;Juan;Castro;Bebidas;VIP;Diurna;Efectivo;$ 108.975,00;$ 3.575,00
429;06/05/2024;Maria;Martinez;Mixto;Libre;Diurna;Débito;$ 72.000,00;$ 9.941,00
430;03/05/2024;Carlos;López;Alimentos;Libre;Diurna;Transferencia;$ 109.013,00;$ 12.152,00
431;05/05/2024;Juan;Castro;bebidas;Platino;Nocturna;Débito;$ 168.132,00;$ 3.600,00
432;0/05/2024;Juan;Castro;Bebidas;Libre;Diurna;Débito;$ 76.000,00;$ 2.778,00
433;05/05/2024;Juan;Castro;Bebidas;Libre;Diurna;Efectivo;$ 94.000,00;$ 4.643,00
434;06/05/2024;Pedro;Sánchez;Bebidas;VIP;Diurna;Efectivo;$ 13.000,00;$ 4.503,00
435;04/05/2024;Juan;Castro;Alimentos;Platino;Nocturna;Crédito;$ 114.387,00;$ 24.511,00
436;06/05/2024;Maria;Martinez;Bebidas;VIP;Nocturna;Efectivo;$ 149.834,00;$ 3.580,00
437;01/05/2024;Carlos;López;Bebidas;Platino;Nocturna;Débito;$ 50.789,00;$ 6.851,00
438;05/06/2024;Juan;Castro;Mixto;VIP;Nocturna;Crédito;$ 56.650,00;$ 13.555,00
439;01/06/2024;Juan;Castro;Mixto;Platino;Diurna;Débito;$ 171.944,00;$ 5.190,00
440;06/06/2024;Juan;Castro;Bebidas;Libre;Nocturna;Transferencia;$ 54.086,00;$ 2.184,00
441;04/06/2024;Pedro;Sánchez;mixto;VIP;Diurna;Débito;$ 149.962,00;$ 10.757,00
442;09/06/2024;Ana;Ruiz;Mixto;Platino;Diurna;Transferencia;$ 56.821,00;$ 6.159,00
443;08/06/2024;Juan;Castro;Bebidas;Platino;Nocturna;Débito;$ 55.519,00;$ 3.322,00
444;05/06/2024;Juan;Castro;Mixto;VIP;Nocturna;Efectivo;$ 67.381,00;$ 13.584,00
445;03/06/2024;Carlos;López;Bebidas;VIP;Diurna;Crédito;$ 39.144,00;$ 5.414,00
446;09/06/2024;Juan;Castro;Bebidas;VIP;Nocturna;Efectivo;$ 51.397,00;$ 8.741,00
447;07/06/2024;Ana;Ruiz;Alimentos;Libre;Nocturna;Efectivo;$ 81.785,00;$ 6.970,00
448;01/06/2024;Ana;Ruiz;Bebidas;Libre;Nocturna;Efectivo;$ 40.284,00;$ 2.801,00
449;03/06/2024;Juan;Castro;Bebidas;Platino;Diurna;Débito;$ 146.911,00;$ 8.270,00
450;04/06/2024;Juan;Castro;Mixto;VIP;Nocturna;Transferencia;$ 169.361,00;$ 3.249,00
451;06/06/2024;Pedro;Sánchez;Alimentos;Platino;Nocturna;Transferencia;$ 32.799,00;$ 7.529,00
452;02/06/2024;Juan;Castro;Alimentos;Platino;Diurna;Débito;$ 51.085,00;$ 10.906,00
453;02/06/2024;Ana;Ruiz;Bebidas;Libre;Diurna;Efectivo;$ 64.160,00;$ 2.665,00
454;01/06/2024;Juan;Castro;Alimentos;Platino;Diurna;Crédito;$ 60.115,00;$ 14.204,00
455;04/06/2024;Ana;Ruiz;Bebidas;Libre;Diurna;Débito;$ 146.067,00;$ 7.459,00
456;02/06/2024;Ana;Ruiz;Mixto;Platino;Diurna;Débito;$ 161.732,00;$ 18.023,00
457;0/06/2024;Juan;Castro;Alimentos;Platino;Diurna;Efectivo;$ 88.074,00;$ 15.048,00
458;06/06/2024;Juan;Castro;Mixto;Libre;Nocturna;Efectivo;$ 83.384,00;$ 5.427,00
459;06/06/2024;Pedro;Sánchez;Alimentos;Platino;Diurna;Efectivo;$ 56.725,00;$ 6.157,00
460;03/06/2024;Juan;Castro;Alimentos;VIP;Diurna;Crédito;$ 76.420,00;$ 10.659,00
461;02/06/2024;Pedro;Sánchez;Alimentos;Platino;Nocturna;Efectivo;$ 30.400,00;$ 11.711,00
462;04/06/2024;Juan;Castro;Mixto;VIP;Diurna;Crédito;$ 107.660,00;$ 7.519,00
463;09/06/2024;Juan;Castro;Mixto;Libre;Nocturna;Débito;$ 129.386,00;$ 7.764,00
464;01/06/2024;Juan;Castro;Bebidas;Libre;Nocturna;Transferencia;$ 30.631,00;$ 9.215,00
465;05/06/2024;Carlos;López;Mixto;VIP;Nocturna;Transferencia;$ 112.752,00;$ 13.005,00
466;09/06/2024;Pedro;Sánchez;Bebidas;Platino;Nocturna;Débito;$ 134.023,00;$ 11.982,00
467;06/06/2024;Pedro;Sánchez;Bebidas;VIP;Diurna;Efectivo;$ 70.715,00;$ 4.363,00
468;02/06/2024;Juan;Castro;Bebidas;Platino;Diurna;Transferencia;$ 37.466,00;$ 1.754,00
469;02/06/2024;Juan;Castro;Bebidas;Platino;Nocturna;Crédito;$ 33.276,00;$ 7.222,00
470;05/06/2024;Juan;Castro;Alimentos;Platino;Nocturna;Débito;$ 61.802,00;$ 14.062,00
471;01/06/2024;Carlos;López;Mixto;Libre;Diurna;Transferencia;$ 69.759,00;$ 5.503,00
472;03/06/2024;Maria;Martinez;Mixto;VIP;Nocturna;Débito;$ 60.005,00;$ 7.866,00
473;08/06/2024;Pedro;Sánchez;Mixto;VIP;Diurna;Crédito;$ 144.117,00;$ 10.875,00
474;0/06/2024;Juan;Castro;Alimentos;Libre;Diurna;Crédito;$ 77.758,00;$ 14.586,00
475;06/06/2024;Juan;Castro;Bebidas;VIP;Diurna;Débito;$ 126.600,00;$ 2.565,00
476;06/06/2024;Pedro;Sánchez;Bebidas;Libre;Nocturna;Crédito;$ 100.714,00;$ 9.076,00
477;03/06/2024;Pedro;Sánchez;alimentos;Platino;Nocturna;Transferencia;$ 87.335,00;$ 10.050,00
478;08/06/2024;Pedro;Sánchez;Bebidas;Libre;Diurna;Crédito;$ 161.880,00;$ 10.035,00
479;09/06/2024;Carlos;López;Alimentos;Libre;Nocturna;Efectivo;$ 78.597,00;$ 5.966,00
480;07/06/2024;Ana;Ruiz;Bebidas;Libre;Nocturna;Crédito;$ 63.922,00;$ 4.900,00
481;06/06/2024;Pedro;Sánchez;Bebidas;Libre;Diurna;Débito;$ 78.086,00;$ 1.920,00
482;05/06/2024;Pedro;Sánchez;Mixto;VIP;Nocturna;Efectivo;$ 94.179,00;$ 14.934,00
483;09/06/2024;Juan;Castro;Mixto;VIP;Nocturna;Transferencia;$ 69.642,00;$ 5.201,00
484;06/06/2024;Juan;Castro;alimentos;Platino;Nocturna;Transferencia;$ 146.410,00;$ 13.709,00
485;05/06/2024;Carlos;López;Alimentos;Libre;Diurna;Crédito;$ 37.019,00;$ 11.362,00
486;06/06/2024;Ana;Ruiz;Bebidas;Platino;Diurna;Crédito;$ 77.929,00;$ 5.393,00
487;06/06/2024;Juan;Castro;Bebidas;Platino;Diurna;Crédito;$ 35.561,00;$ 10.340,00
488;04/06/2024;Pedro;Sánchez;Mixto;Platino;Diurna;Transferencia;$ 32.626,00;$ 10.722,00
489;02/06/2024;Ana;Ruiz;mixto;VIP;Diurna;Débito;$ 144.268,00;$ 3.074,00
490;03/06/2024;Ana;Ruiz;Alimentos;VIP;Diurna;Transferencia;$ 62.000,00;$ 3.905,00
491;04/06/2024;Maria;Martinez;Mixto;Platino;Diurna;Débito;$ 24.000,00;$ 8.786,00
492;04/06/2024;Ana;Ruiz;Bebidas;Platino;Diurna;Transferencia;$ 73.000,00;$ 3.926,00
493;05/06/2024;Juan;Castro;Alimentos;Libre;Nocturna;Débito;$ 98.000,00;$ 5.219,00
494;01/06/2024;Pedro;Sánchez;Bebidas;Libre;Nocturna;Débito;$ 138.943,00;$ 6.465,00
495;08/06/2024;Juan;Castro;alimentos;Libre;Nocturna;Efectivo;$ 146.248,00;$ 7.438,00
496;08/06/2024;Carlos;López;Bebidas;VIP;Nocturna;Crédito;$ 62.455,00;$ 3.419,00
497;02/06/2024;Juan;Castro;Alimentos;Libre;Nocturna;Crédito;$ 125.012,00;$ 7.948,00
498;08/06/2024;Juan;Castro;Alimentos;Platino;Nocturna;Crédito;$ 118.323,00;$ 9.626,00
499;01/06/2024;Juan;Castro;Bebidas;VIP;Diurna;Débito;$ 78.832,00;$ 4.451,00
500;03/06/2024;Ana;Ruiz;Alimentos;VIP;Diurna;Transferencia;$ 97.053,00;$ 20.279,00
501;04/06/2024;Maria;Martinez;Mixto;Platino;Diurna;Crédito;$ 80.598,00;$ 7.499,00
502;05/06/2024;Ana;Ruiz;Mixto;VIP;Nocturna;Transferencia;$ 69.247,00;$ 4.160,00
503;07/06/2024;Juan;Castro;Bebidas;Libre;Diurna;Crédito;$ 84.131,00;$ 2.906,00
504;06/06/2024;Juan;Castro;Mixto;Libre;Diurna;Débito;$ 121.748,00;$ 15.381,00
505;09/06/2024;Juan;Castro;Mixto;VIP;Diurna;Débito;$ 60.712,00;$ 14.272,00
506;09/06/2024;Juan;Castro;Mixto;Platino;Nocturna;Efectivo;$ 35.189,00;$ 8.322,00
507;01/06/2024;Pedro;Sánchez;Mixto;Platino;Diurna;Débito;$ 39.705,00;$ 7.082,00
508;03/06/2024;Juan;Castro;Mixto;VIP;Diurna;Crédito;$ 64.099,00;$ 6.377,00
509;06/06/2024;Juan;Castro;Alimentos;Libre;Diurna;Efectivo;$ 90.222,00;$ 10.729,00
510;05/07/2024;Carlos;López;Bebidas;Libre;Nocturna;Transferencia;$ 87.258,00;$ 4.176,00
511;02/07/2024;Pedro;Sánchez;Alimentos;Libre;Nocturna;Crédito;$ 136.698,00;$ 7.960,00
512;01/07/2024;Juan;Castro;Alimentos;Libre;Diurna;Transferencia;$ 89.456,00;$ 8.972,00
513;01/07/2024;Juan;Castro;Bebidas;Platino;Diurna;Efectivo;$ 46.951,00;$ 4.028,00
514;08/07/2024;Juan;Castro;Alimentos;Libre;Diurna;Débito;$ 67.007,00;$ 7.647,00
515;0/07/2024;Ana;Ruiz;Alimentos;VIP;Diurna;Efectivo;$ 79.594,00;$ 8.350,00
516;06/07/2024;Maria;Martinez;Alimentos;VIP;Nocturna;Crédito;$ 84.595,00;$ 12.890,00
517;03/07/2024;Ana;Ruiz;Bebidas;Libre;Nocturna;Débito;$ 164.336,00;$ 4.486,00
518;02/07/2024;Ana;Ruiz;alimentos;VIP;Nocturna;Transferencia;$ 79.894,00;$ 15.023,00
519;08/07/2024;Pedro;Sánchez;Bebidas;Platino;Diurna;Efectivo;$ 64.523,00;$ 8.611,00
520;09/07/2024;Ana;Ruiz;Mixto;VIP;Diurna;Crédito;$ 106.579,00;$ 11.365,00
521;07/07/2024;Carlos;López;mixto;VIP;Nocturna;Transferencia;$ 62.122,00;$ 15.641,00
522;08/07/2024;Carlos;López;Alimentos;VIP;Diurna;Transferencia;$ 69.052,00;$ 20.491,00
523;07/07/2024;Juan;Castro;Alimentos;VIP;Diurna;Crédito;$ 92.330,00;$ 14.893,00
524;05/07/2024;Juan;Castro;Mixto;Platino;Diurna;Crédito;$ 91.764,00;$ 8.946,00
525;03/07/2024;Juan;Castro;Bebidas;Platino;Diurna;Transferencia;$ 139.092,00;$ 9.675,00
526;02/07/2024;Carlos;López;Bebidas;Platino;Nocturna;Efectivo;$ 65.917,00;$ 3.694,00
527;01/07/2024;Juan;Castro;Alimentos;VIP;Diurna;Transferencia;$ 84.567,00;$ 8.255,00
528;05/07/2024;Maria;Martinez;Bebidas;Libre;Nocturna;Crédito;$ 90.524,00;$ 3.618,00
529;05/07/2024;Juan;Castro;Alimentos;VIP;Nocturna;Crédito;$ 73.172,00;$ 21.111,00
530;04/07/2024;Carlos;López;Alimentos;Libre;Diurna;Efectivo;$ 78.306,00;$ 14.540,00
531;01/07/2024;Ana;Ruiz;Mixto;Libre;Nocturna;Crédito;$ 132.397,00;$ 5.197,00
532;02/07/2024;Ana;Ruiz;Alimentos;Libre;Diurna;Transferencia;$ 91.414,00;$ 13.866,00
533;0/07/2024;Juan;Castro;Mixto;VIP;Diurna;Transferencia;$ 68.432,00;$ 12.760,00
534;08/07/2024;Juan;Castro;mixto;Libre;Nocturna;Crédito;$ 86.472,00;$ 9.984,00
535;07/07/2024;Juan;Castro;Mixto;Platino;Nocturna;Transferencia;$ 42.046,00;$ 7.347,00
536;09/07/2024;Carlos;López;Mixto;VIP;Nocturna;Efectivo;$ 93.169,00;$ 9.573,00
537;06/07/2024;Maria;Martinez;Mixto;Platino;Nocturna;Débito;$ 63.899,00;$ 8.188,00
538;02/07/2024;Juan;Castro;Alimentos;VIP;Nocturna;Transferencia;$ 50.779,00;$ 9.856,00
539;06/07/2024;Juan;Castro;Mixto;Libre;Nocturna;Crédito;$ 73.839,00;$ 19.726,00
540;05/07/2024;Ana;Ruiz;Mixto;Platino;Diurna;Crédito;$ 165.337,00;$ 14.352,00
541;04/07/2024;Juan;Castro;Alimentos;Libre;Diurna;Efectivo;$ 88.645,00;$ 19.638,00
542;06/07/2024;Juan;Castro;Alimentos;Libre;Nocturna;Débito;$ 63.359,00;$ 15.853,00
543;02/07/2024;Maria;Martinez;Bebidas;Libre;Nocturna;Efectivo;$ 121.063,00;$ 6.650,00
544;07/07/2024;Juan;Castro;Alimentos;VIP;Diurna;Transferencia;$ 85.187,00;$ 6.366,00
545;04/07/2024;Juan;Castro;Bebidas;Platino;Diurna;Efectivo;$ 79.682,00;$ 5.571,00
546;06/07/2024;Juan;Castro;Alimentos;VIP;Diurna;Débito;$ 56.329,00;$ 4.848,00
547;05/07/2024;Ana;Ruiz;Mixto;Libre;Diurna;Crédito;$ 109.805,00;$ 2.687,00
548;03/07/2024;Ana;Ruiz;Mixto;Platino;Diurna;Transferencia;$ 87.616,00;$ 9.281,00
549;07/07/2024;Juan;Castro;Alimentos;Libre;Nocturna;Efectivo;$ 66.354,00;$ 17.513,00
550;08/07/2024;Ana;Ruiz;Bebidas;Platino;Nocturna;Crédito;$ 94.578,00;$ 6.203,00
551;01/07/2024;Carlos;López;Bebidas;VIP;Diurna;Débito;$ 121.290,00;$ 7.387,00
552;01/07/2024;Ana;Ruiz;Bebidas;VIP;Nocturna;Transferencia;$ 36.817,00;$ 10.881,00
553;03/07/2024;Ana;Ruiz;Bebidas;VIP;Nocturna;Débito;$ 58.727,00;$ 8.048,00
554;08/07/2024;Juan;Castro;Bebidas;Platino;Nocturna;Transferencia;$ 57.123,00;$ 6.377,00
555;06/07/2024;Ana;Ruiz;Mixto;Platino;Diurna;Débito;$ 77.334,00;$ 13.921,00
556;0/07/2024;Ana;Ruiz;Alimentos;Platino;Diurna;Crédito;$ 22.000,00;$ 6.642,00
557;0/07/2024;Ana;Ruiz;Mixto;Libre;Nocturna;Efectivo;$ 54.000,00;$ 8.835,00
558;02/07/2024;Maria;Martinez;Mixto;Platino;Nocturna;Crédito;$ 35.000,00;$ 3.516,00
559;03/07/2024;Ana;Ruiz;Bebidas;VIP;Nocturna;Efectivo;$ 35.000,00;$ 9.871,00
560;01/07/2024;Juan;Castro;Alimentos;Platino;Nocturna;Crédito;$ 125.673,00;$ 17.722,00
561;03/07/2024;Juan;Castro;Bebidas;Platino;Nocturna;Efectivo;$ 134.417,00;$ 9.288,00
562;0/07/2024;Juan;Castro;Bebidas;VIP;Nocturna;Crédito;$ 113.072,00;$ 4.040,00
563;04/07/2024;Juan;Castro;Alimentos;Libre;Nocturna;Efectivo;$ 92.962,00;$ 9.495,00
564;01/07/2024;Carlos;López;Bebidas;Libre;Diurna;Efectivo;$ 96.098,00;$ 9.791,00
565;02/07/2024;Carlos;López;Mixto;Libre;Nocturna;Efectivo;$ 80.820,00;$ 9.757,00
566;03/07/2024;Juan;Castro;Mixto;VIP;Diurna;Crédito;$ 65.362,00;$ 7.388,00
567;03/07/2024;Juan;Castro;Bebidas;VIP;Diurna;Efectivo;$ 82.907,00;$ 11.811,00
568;01/07/2024;Juan;Castro;bebidas;VIP;Diurna;Crédito;$ 149.613,00;$ 4.500,00
569;05/07/2024;Carlos;López;Mixto;Libre;Diurna;Transferencia;$ 55.518,00;$ 8.029,00
570;07/07/2024;Ana;Ruiz;Alimentos;Libre;Nocturna;Débito;$ 63.986,00;$ 23.625,00
571;09/07/2024;Maria;Martinez;Bebidas;Libre;Nocturna;Crédito;$ 123.302,00;$ 8.699,00
572;03/07/2024;Juan;Castro;Bebidas;VIP;Nocturna;Débito;$ 31.809,00;$ 9.191,00
573;08/07/2024;Juan;Castro;Mixto;Libre;Nocturna;Crédito;$ 130.358,00;$ 5.406,00
574;0/07/2024;Maria;Martinez;Alimentos;Platino;Nocturna;Efectivo;$ 117.190,00;$ 21.439,00
575;01/07/2024;Maria;Martinez;Alimentos;Platino;Diurna;Débito;$ 109.799,00;$ 7.780,00
576;05/07/2024;Maria;Martinez;Mixto;Libre;Nocturna;Crédito;$ 47.028,00;$ 10.885,00
577;0/07/2024;Juan;Castro;Mixto;VIP;Diurna;Transferencia;$ 62.738,00;$ 3.653,00
578;08/07/2024;Maria;Martinez;Alimentos;Libre;Diurna;Débito;$ 108.825,00;$ 15.094,00
579;01/07/2024;Ana;Ruiz;Mixto;Libre;Diurna;Transferencia;$ 147.212,00;$ 11.257,00
580;04/07/2024;Carlos;López;Alimentos;Platino;Diurna;Crédito;$ 53.865,00;$ 11.313,00
581;09/07/2024;Carlos;López;Alimentos;Libre;Nocturna;Débito;$ 139.068,00;$ 9.200,00
582;0/07/2024;Juan;Castro;Bebidas;Platino;Nocturna;Efectivo;$ 76.676,00;$ 4.693,00
583;03/08/2024;Juan;Castro;Bebidas;VIP;Nocturna;Transferencia;$ 76.716,00;$ 9.763,00
584;07/08/2024;Juan;Castro;Mixto;VIP;Diurna;Transferencia;$ 40.625,00;$ 4.300,00
585;06/08/2024;Pedro;Sánchez;Bebidas;VIP;Nocturna;Transferencia;$ 44.157,00;$ 8.673,00
586;05/08/2024;Pedro;Sánchez;Bebidas;Platino;Diurna;Débito;$ 71.271,00;$ 4.414,00
587;05/08/2024;Ana;Ruiz;Mixto;Libre;Nocturna;Efectivo;$ 118.895,00;$ 5.438,00
588;06/08/2024;Pedro;Sánchez;Bebidas;Platino;Nocturna;Transferencia;$ 95.208,00;$ 3.987,00
589;03/08/2024;Pedro;Sánchez;Alimentos;Libre;Diurna;Crédito;$ 78.619,00;$ 11.750,00
590;04/08/2024;Ana;Ruiz;Mixto;Libre;Nocturna;Efectivo;$ 139.810,00;$ 9.623,00
591;08/08/2024;Juan;Castro;Mixto;Platino;Nocturna;Transferencia;$ 112.090,00;$ 20.565,00
592;05/08/2024;Juan;Castro;Alimentos;Libre;Diurna;Efectivo;$ 137.226,00;$ 21.535,00
593;01/08/2024;Carlos;López;Alimentos;VIP;Diurna;Efectivo;$ 109.895,00;$ 11.839,00
594;0/08/2024;Carlos;López;Mixto;VIP;Nocturna;Crédito;$ 141.211,00;$ 7.811,00
595;06/08/2024;Maria;Martinez;Bebidas;Libre;Nocturna;Crédito;$ 56.108,00;$ 3.446,00
596;09/08/2024;Ana;Ruiz;Mixto;Libre;Diurna;Crédito;$ 146.756,00;$ 5.936,00
597;05/08/2024;Pedro;Sánchez;Bebidas;Platino;Diurna;Crédito;$ 84.737,00;$ 7.016,00
598;04/08/2024;Juan;Castro;Alimentos;VIP;Nocturna;Transferencia;$ 75.056,00;$ 7.473,00
599;07/08/2024;Pedro;Sánchez;Mixto;VIP;Nocturna;Transferencia;$ 120.818,00;$ 15.803,00
600;07/08/2024;Carlos;López;Bebidas;VIP;Nocturna;Efectivo;$ 80.702,00;$ 10.205,00
601;09/08/2024;Juan;Castro;Mixto;Libre;Nocturna;Efectivo;$ 75.473,00;$ 5.835,00
602;05/08/2024;Carlos;López;Alimentos;Platino;Nocturna;Efectivo;$ 60.396,00;$ 12.703,00
603;05/08/2024;Carlos;López;Bebidas;VIP;Nocturna;Efectivo;$ 140.809,00;$ 10.465,00
604;08/08/2024;Pedro;Sánchez;Alimentos;Libre;Diurna;Crédito;$ 71.826,00;$ 9.486,00
605;03/08/2024;Juan;Castro;Mixto;VIP;Diurna;Efectivo;$ 143.893,00;$ 8.503,00
606;01/08/2024;Ana;Ruiz;Mixto;Libre;Nocturna;Transferencia;$ 67.645,00;$ 5.126,00
607;04/08/2024;Carlos;López;Bebidas;Libre;Diurna;Efectivo;$ 145.475,00;$ 10.247,00
608;05/08/2024;Ana;Ruiz;Mixto;VIP;Nocturna;Crédito;$ 63.149,00;$ 12.075,00
609;02/08/2024;Juan;Castro;Mixto;Platino;Diurna;Efectivo;$ 130.107,00;$ 9.035,00
610;07/08/2024;Juan;Castro;Alimentos;Libre;Nocturna;Efectivo;$ 120.931,00;$ 12.842,00
611;02/08/2024;Ana;Ruiz;Mixto;VIP;Nocturna;Transferencia;$ 77.124,00;$ 3.301,00
612;02/08/2024;Pedro;Sánchez;bebidas;Platino;Nocturna;Transferencia;$ 76.662,00;$ 5.056,00
613;09/08/2024;Ana;Ruiz;Alimentos;Libre;Diurna;Débito;$ 88.780,00;$ 3.976,00
614;04/08/2024;Juan;Castro;Bebidas;Platino;Diurna;Transferencia;$ 75.260,00;$ 3.859,00
615;06/08/2024;Ana;Ruiz;Mixto;VIP;Nocturna;Crédito;$ 122.966,00;$ 13.722,00
616;05/08/2024;Pedro;Sánchez;Alimentos;Libre;Nocturna;Transferencia;$ 35.110,00;$ 15.490,00
617;08/08/2024;Carlos;López;Bebidas;Libre;Nocturna;Efectivo;$ 96.545,00;$ 4.917,00
618;0/08/2024;Pedro;Sánchez;Bebidas;Platino;Nocturna;Débito;$ 110.382,00;$ 4.582,00
619;08/08/2024;Pedro;Sánchez;Bebidas;Libre;Nocturna;Transferencia;$ 105.572,00;$ 5.400,00
620;06/08/2024;Juan;Castro;Mixto;Platino;Nocturna;Crédito;$ 46.304,00;$ 12.195,00
621;01/08/2024;Ana;Ruiz;Alimentos;Libre;Diurna;Transferencia;$ 64.954,00;$ 15.762,00
622;02/08/2024;Ana;Ruiz;Mixto;VIP;Nocturna;Crédito;$ 119.551,00;$ 11.098,00
623;08/08/2024;Juan;Castro;Alimentos;Platino;Diurna;Débito;$ 36.455,00;$ 23.179,00
624;05/08/2024;Juan;Castro;Mixto;Libre;Diurna;Efectivo;$ 108.003,00;$ 16.651,00
625;06/08/2024;Carlos;López;Mixto;Libre;Diurna;Débito;$ 77.470,00;$ 6.215,00
626;0/08/2024;Juan;Castro;Mixto;Platino;Nocturna;Débito;$ 133.266,00;$ 12.793,00
627;06/08/2024;Ana;Ruiz;Alimentos;VIP;Nocturna;Transferencia;$ 88.461,00;$ 15.662,00
628;03/08/2024;Carlos;López;Mixto;Libre;Diurna;Débito;$ 40.819,00;$ 6.510,00
629;04/08/2024;Carlos;López;bebidas;Platino;Nocturna;Débito;$ 48.177,00;$ 9.257,00
630;02/08/2024;Pedro;Sánchez;Bebidas;VIP;Nocturna;Efectivo;$ 129.956,00;$ 6.826,00
631;07/08/2024;Pedro;Sánchez;Mixto;Libre;Diurna;Transferencia;$ 65.966,00;$ 7.151,00
632;03/08/2024;Pedro;Sánchez;Mixto;Platino;Diurna;Débito;$ 60.297,00;$ 9.031,00
633;01/08/2024;Pedro;Sánchez;Bebidas;Platino;Nocturna;Crédito;$ 46.000,00;$ 9.253,00
634;05/08/2024;Juan;Castro;bebidas;Libre;Nocturna;Efectivo;$ 125.000,00;$ 2.868,00
635;01/08/2024;Juan;Castro;Mixto;VIP;Nocturna;Crédito;$ 123.000,00;$ 5.052,00
636;06/08/2024;Juan;Castro;Mixto;Platino;Diurna;Transferencia;$ 45.000,00;$ 8.517,00
637;0/08/2024;Carlos;López;Mixto;VIP;Diurna;Efectivo;$ 28.000,00;$ 6.771,00
638;0/08/2024;Ana;Ruiz;Alimentos;Platino;Diurna;Efectivo;$ 45.000,00;$ 10.507,00
639;03/08/2024;Juan;Castro;Alimentos;Platino;Nocturna;Débito;$ 90.000,00;$ 5.093,00
640;09/08/2024;Carlos;López;Bebidas;VIP;Nocturna;Transferencia;$ 45.000,00;$ 7.059,00
641;01/08/2024;Juan;Castro;Alimentos;VIP;Diurna;Efectivo;$ 22.000,00;$ 5.377,00
642;06/08/2024;Ana;Ruiz;Alimentos;Platino;Nocturna;Débito;$ 34.000,00;$ 15.805,00
643;05/08/2024;Pedro;Sánchez;Mixto;Platino;Nocturna;Crédito;$ 22.000,00;$ 14.237,00
644;07/08/2024;Carlos;López;Mixto;Platino;Nocturna;Transferencia;$ 115.000,00;$ 13.320,00
645;07/08/2024;Juan;Castro;Bebidas;VIP;Diurna;Débito;$ 30.000,00;$ 5.835,00
646;07/08/2024;Ana;Ruiz;Alimentos;VIP;Nocturna;Débito;$ 38.000,00;$ 10.572,00
647;08/08/2024;Ana;Ruiz;mixto;Platino;Nocturna;Transferencia;$ 70.000,00;$ 18.591,00
648;08/08/2024;Juan;Castro;Mixto;VIP;Diurna;Débito;$ 30.000,00;$ 12.667,00
649;09/08/2024;Juan;Castro;Alimentos;Libre;Nocturna;Crédito;$ 45.000,00;$ 6.044,00
650;07/08/2024;Juan;Castro;Mixto;VIP;Nocturna;Crédito;$ 140.000,00;$ 4.417,00
651;01/08/2024;Carlos;López;Bebidas;Libre;Nocturna;Efectivo;$ 129.000,00;$ 6.623,00
652;01/08/2024;Juan;Castro;Alimentos;VIP;Nocturna;Efectivo;$ 84.318,00;$ 20.320,00
653;03/08/2024;Pedro;Sánchez;Alimentos;Libre;Nocturna;Débito;$ 81.469,00;$ 8.060,00
654;0/08/2024;Carlos;López;Bebidas;VIP;Nocturna;Transferencia;$ 110.305,00;$ 3.446,00
655;04/08/2024;Juan;Castro;Alimentos;VIP;Diurna;Efectivo;$ 59.653,00;$ 8.194,00
656;01/08/2024;Ana;Ruiz;Bebidas;VIP;Diurna;Crédito;$ 133.235,00;$ 11.183,00
657;09/09/2024;Pedro;Sánchez;Mixto;Libre;Nocturna;Débito;$ 81.025,00;$ 17.650,00
658;07/09/2024;Juan;Castro;Alimentos;Libre;Diurna;Transferencia;$ 89.225,00;$ 20.150,00
659;06/09/2024;Juan;Castro;Mixto;Platino;Diurna;Débito;$ 137.987,00;$ 4.179,00
660;06/09/2024;Ana;Ruiz;Mixto;Platino;Nocturna;Transferencia;$ 144.068,00;$ 5.940,00
661;09/09/2024;Ana;Ruiz;Mixto;VIP;Diurna;Crédito;$ 72.823,00;$ 6.903,00
662;08/09/2024;Ana;Ruiz;Mixto;Platino;Nocturna;Crédito;$ 90.536,00;$ 8.335,00
663;0/09/2024;Carlos;López;Bebidas;VIP;Nocturna;Transferencia;$ 113.074,00;$ 8.405,00
664;06/09/2024;Ana;Ruiz;Alimentos;Libre;Nocturna;Transferencia;$ 139.855,00;$ 16.110,00
665;07/09/2024;Maria;Martinez;Mixto;VIP;Diurna;Crédito;$ 57.326,00;$ 13.911,00
666;01/09/2024;Pedro;Sánchez;Mixto;VIP;Nocturna;Efectivo;$ 75.678,00;$ 5.114,00
667;08/09/2024;Ana;Ruiz;Mixto;Platino;Diurna;Crédito;$ 128.565,00;$ 6.952,00
668;01/09/2024;Ana;Ruiz;bebidas;Platino;Diurna;Transferencia;$ 112.583,00;$ 3.416,00
669;03/09/2024;Pedro;Sánchez;Alimentos;Platino;Nocturna;Débito;$ 162.879,00;$ 14.979,00
670;01/09/2024;Juan;Castro;Bebidas;VIP;Diurna;Débito;$ 35.868,00;$ 7.404,00
671;05/09/2024;Juan;Castro;Alimentos;Libre;Nocturna;Crédito;$ 120.994,00;$ 13.113,00
672;04/09/2024;Juan;Castro;Alimentos;Libre;Diurna;Débito;$ 86.876,00;$ 18.220,00
673;01/09/2024;Carlos;López;Mixto;Libre;Nocturna;Transferencia;$ 38.314,00;$ 6.988,00
674;03/09/2024;Carlos;López;Bebidas;Libre;Diurna;Transferencia;$ 119.059,00;$ 7.119,00
675;02/09/2024;Juan;Castro;Mixto;Platino;Diurna;Crédito;$ 89.412,00;$ 5.735,00
676;07/09/2024;Ana;Ruiz;Bebidas;Libre;Diurna;Débito;$ 136.158,00;$ 8.188,00
677;03/09/2024;Juan;Castro;Alimentos;Libre;Nocturna;Efectivo;$ 83.029,00;$ 12.830,00
678;08/09/2024;Ana;Ruiz;Bebidas;VIP;Nocturna;Transferencia;$ 125.509,00;$ 3.503,00
679;07/09/2024;Juan;Castro;Alimentos;VIP;Nocturna;Efectivo;$ 81.610,00;$ 6.911,00
680;08/09/2024;Juan;Castro;Mixto;VIP;Nocturna;Transferencia;$ 104.759,00;$ 7.179,00
681;08/09/2024;Juan;Castro;Alimentos;VIP;Nocturna;Débito;$ 173.466,00;$ 10.564,00
682;03/09/2024;Juan;Castro;Bebidas;Platino;Diurna;Débito;$ 62.101,00;$ 6.287,00
683;06/09/2024;Juan;Castro;Mixto;Platino;Diurna;Crédito;$ 47.751,00;$ 8.759,00
684;03/09/2024;Pedro;Sánchez;Mixto;VIP;Diurna;Débito;$ 177.356,00;$ 4.353,00
685;05/09/2024;Ana;Ruiz;Alimentos;VIP;Diurna;Crédito;$ 100.368,00;$ 13.587,00
686;07/09/2024;Ana;Ruiz;Alimentos;Libre;Nocturna;Efectivo;$ 68.050,00;$ 12.471,00
687;01/09/2024;Carlos;López;Bebidas;Libre;Diurna;Efectivo;$ 65.517,00;$ 9.281,00
688;02/09/2024;Juan;Castro;Mixto;Platino;Diurna;Crédito;$ 50.826,00;$ 15.074,00
689;05/09/2024;Juan;Castro;Mixto;Libre;Nocturna;Débito;$ 90.440,00;$ 10.336,00
690;05/09/2024;Ana;Ruiz;Mixto;Libre;Diurna;Efectivo;$ 102.975,00;$ 3.757,00
691;08/09/2024;Pedro;Sánchez;Bebidas;Libre;Nocturna;Transferencia;$ 105.119,00;$ 10.671,00
692;03/09/2024;Juan;Castro;Alimentos;Platino;Nocturna;Efectivo;$ 50.546,00;$ 11.993,00
693;06/09/2024;Pedro;Sánchez;Bebidas;Libre;Diurna;Débito;$ 145.822,00;$ 6.584,00
694;09/09/2024;Pedro;Sánchez;Alimentos;Libre;Nocturna;Débito;$ 78.193,00;$ 19.936,00
695;01/09/2024;Ana;Ruiz;Alimentos;VIP;Nocturna;Efectivo;$ 84.618,00;$ 8.704,00
696;01/09/2024;Carlos;López;Mixto;VIP;Nocturna;Débito;$ 78.822,00;$ 5.400,00
697;04/09/2024;Juan;Castro;Bebidas;Platino;Nocturna;Débito;$ 170.182,00;$ 3.903,00
698;07/09/2024;Juan;Castro;Mixto;Libre;Diurna;Débito;$ 38.443,00;$ 4.707,00
699;07/09/2024;Ana;Ruiz;mixto;Platino;Diurna;Crédito;$ 86.948,00;$ 9.418,00
700;04/09/2024;Pedro;Sánchez;Mixto;Libre;Diurna;Efectivo;$ 34.784,00;$ 6.708,00
701;02/09/2024;Juan;Castro;Alimentos;VIP;Diurna;Débito;$ 142.314,00;$ 17.955,00
702;02/09/2024;Juan;Castro;Bebidas;Platino;Nocturna;Débito;$ 68.858,00;$ 7.250,00
703;01/09/2024;Carlos;López;Mixto;Platino;Nocturna;Efectivo;$ 103.771,00;$ 6.025,00
704;03/09/2024;Juan;Castro;Bebidas;VIP;Nocturna;Débito;$ 52.262,00;$ 6.585,00
705;05/09/2024;Juan;Castro;Mixto;VIP;Diurna;Débito;$ 86.216,00;$ 18.385,00
706;01/09/2024;Pedro;Sánchez;Bebidas;Libre;Nocturna;Débito;$ 145.936,00;$ 5.599,00
707;03/09/2024;Carlos;López;Bebidas;VIP;Nocturna;Crédito;$ 123.391,00;$ 8.534,00
708;03/09/2024;Carlos;López;Mixto;Platino;Nocturna;Crédito;$ 76.322,00;$ 16.096,00
709;02/09/2024;Juan;Castro;Mixto;VIP;Diurna;Débito;$ 145.510,00;$ 18.485,00
710;03/09/2024;Juan;Castro;Mixto;Platino;Nocturna;Crédito;$ 147.772,00;$ 11.946,00
711;04/09/2024;Juan;Castro;Alimentos;VIP;Nocturna;Transferencia;$ 40.757,00;$ 9.624,00
712;01/09/2024;Pedro;Sánchez;Alimentos;VIP;Diurna;Efectivo;$ 51.497,00;$ 10.773,00
713;03/09/2024;Pedro;Sánchez;Mixto;Libre;Diurna;Débito;$ 88.843,00;$ 10.545,00
714;03/09/2024;Juan;Castro;Alimentos;VIP;Nocturna;Efectivo;$ 54.719,00;$ 8.011,00
715;03/09/2024;Ana;Ruiz;Mixto;Libre;Nocturna;Crédito;$ 43.326,00;$ 14.688,00
716;07/09/2024;Ana;Ruiz;Bebidas;Libre;Nocturna;Débito;$ 66.950,00;$ 2.584,00
717;07/09/2024;Ana;Ruiz;Alimentos;Platino;Diurna;Débito;$ 70.675,00;$ 6.839,00
718;03/09/2024;Ana;Ruiz;Mixto;VIP;Diurna;Débito;$ 73.724,00;$ 11.424,00
719;06/09/2024;Juan;Castro;Bebidas;VIP;Diurna;Débito;$ 89.837,00;$ 5.564,00
720;04/09/2024;Juan;Castro;Mixto;Platino;Nocturna;Débito;$ 70.238,00;$ 13.089,00
721;01/09/2024;Ana;Ruiz;Alimentos;Libre;Diurna;Transferencia;$ 170.664,00;$ 6.060,00
722;01/09/2024;Ana;Ruiz;Alimentos;Platino;Nocturna;Efectivo;$ 82.732,00;$ 9.136,00
723;07/09/2024;Pedro;Sánchez;Bebidas;Libre;Nocturna;Efectivo;$ 57.937,00;$ 6.488,00
724;04/09/2024;Ana;Ruiz;Bebidas;Platino;Nocturna;Crédito;$ 85.009,00;$ 7.707,00
725;03/09/2024;Ana;Ruiz;Bebidas;Libre;Nocturna;Transferencia;$ 84.117,00;$ 3.561,00
726;03/09/2024;Pedro;Sánchez;Bebidas;Libre;Nocturna;Efectivo;$ 55.679,00;$ 3.586,00
727;08/09/2024;Juan;Castro;Mixto;Platino;Nocturna;Crédito;$ 143.853,00;$ 10.846,00
728;01/09/2024;Juan;Castro;Alimentos;Platino;Nocturna;Transferencia;$ 53.758,00;$ 24.310,00
729;03/09/2024;Juan;Castro;Bebidas;Platino;Nocturna;Transferencia;$ 96.926,00;$ 7.170,00
730;06/10/2024;Carlos;López;Mixto;Platino;Nocturna;Débito;$ 73.956,00;$ 9.285,00
731;05/10/2024;Carlos;López;Bebidas;Libre;Nocturna;Efectivo;$ 62.939,00;$ 3.238,00
732;04/10/2024;Pedro;Sánchez;Mixto;VIP;Diurna;Efectivo;$ 43.921,00;$ 17.551,00
733;02/10/2024;Ana;Ruiz;Bebidas;VIP;Nocturna;Débito;$ 84.079,00;$ 11.173,00
734;05/10/2024;Juan;Castro;Bebidas;VIP;Diurna;Transferencia;$ 80.896,00;$ 2.470,00
735;05/10/2024;Ana;Ruiz;Bebidas;Platino;Nocturna;Crédito;$ 119.191,00;$ 2.222,00
736;02/10/2024;Pedro;Sánchez;Mixto;Platino;Nocturna;Crédito;$ 117.367,00;$ 7.446,00
737;08/10/2024;Carlos;López;Mixto;Libre;Nocturna;Crédito;$ 120.112,00;$ 15.960,00
738;07/10/2024;Carlos;López;Bebidas;Libre;Diurna;Débito;$ 69.733,00;$ 3.113,00
739;09/10/2024;Ana;Ruiz;mixto;VIP;Nocturna;Transferencia;$ 40.370,00;$ 6.641,00
740;03/10/2024;Ana;Ruiz;Mixto;Libre;Nocturna;Efectivo;$ 130.498,00;$ 9.977,00
741;04/10/2024;Juan;Castro;bebidas;VIP;Nocturna;Transferencia;$ 127.560,00;$ 8.478,00
742;04/10/2024;Juan;Castro;Mixto;Platino;Nocturna;Crédito;$ 86.729,00;$ 5.561,00
743;04/10/2024;Ana;Ruiz;Bebidas;Libre;Diurna;Crédito;$ 60.345,00;$ 7.745,00
744;06/10/2024;Carlos;López;Alimentos;Libre;Nocturna;Débito;$ 104.205,00;$ 12.761,00
745;04/10/2024;Ana;Ruiz;Mixto;Platino;Diurna;Transferencia;$ 141.519,00;$ 7.380,00
746;09/10/2024;Juan;Castro;Bebidas;Platino;Nocturna;Efectivo;$ 50.257,00;$ 4.489,00
747;07/10/2024;Juan;Castro;Mixto;VIP;Nocturna;Efectivo;$ 36.409,00;$ 10.998,00
748;05/10/2024;Ana;Ruiz;Alimentos;VIP;Nocturna;Efectivo;$ 134.373,00;$ 5.921,00
749;04/10/2024;Ana;Ruiz;Mixto;VIP;Nocturna;Efectivo;$ 35.236,00;$ 10.025,00
750;04/10/2024;Carlos;López;Bebidas;VIP;Nocturna;Crédito;$ 51.488,00;$ 5.896,00
751;03/10/2024;Pedro;Sánchez;Mixto;Platino;Diurna;Transferencia;$ 81.877,00;$ 19.460,00
752;0/10/2024;Ana;Ruiz;Alimentos;Libre;Diurna;Débito;$ 81.580,00;$ 9.604,00
753;02/10/2024;Pedro;Sánchez;Bebidas;Libre;Nocturna;Efectivo;$ 178.263,00;$ 2.201,00
754;06/10/2024;Ana;Ruiz;Alimentos;Platino;Diurna;Crédito;$ 121.888,00;$ 11.745,00
755;05/10/2024;Juan;Castro;Mixto;Platino;Diurna;Efectivo;$ 87.261,00;$ 7.218,00
756;01/10/2024;Pedro;Sánchez;Bebidas;Platino;Nocturna;Débito;$ 96.430,00;$ 2.213,00
757;0/10/2024;Ana;Ruiz;Alimentos;Libre;Nocturna;Transferencia;$ 62.712,00;$ 18.136,00
758;07/10/2024;Pedro;Sánchez;Mixto;Libre;Diurna;Efectivo;$ 124.794,00;$ 10.366,00
759;02/10/2024;Ana;Ruiz;Alimentos;VIP;Diurna;Efectivo;$ 52.736,00;$ 4.478,00
760;05/10/2024;Carlos;López;Mixto;Platino;Nocturna;Efectivo;$ 124.122,00;$ 12.613,00
761;02/10/2024;Juan;Castro;Mixto;Platino;Nocturna;Crédito;$ 66.816,00;$ 10.670,00
762;02/10/2024;Carlos;López;Bebidas;Platino;Diurna;Transferencia;$ 153.521,00;$ 3.118,00
763;04/10/2024;Pedro;Sánchez;Bebidas;Libre;Diurna;Crédito;$ 76.743,00;$ 4.217,00
764;06/10/2024;Juan;Castro;Alimentos;Platino;Nocturna;Efectivo;$ 122.226,00;$ 7.085,00
765;0/10/2024;Carlos;López;Bebidas;VIP;Diurna;Crédito;$ 86.782,00;$ 12.136,00
766;01/10/2024;Carlos;López;Mixto;VIP;Diurna;Débito;$ 76.745,00;$ 14.905,00
767;08/10/2024;Pedro;Sánchez;Mixto;Platino;Nocturna;Transferencia;$ 52.186,00;$ 15.783,00
768;04/10/2024;Carlos;López;Alimentos;Libre;Nocturna;Débito;$ 109.989,00;$ 10.572,00
769;05/10/2024;Ana;Ruiz;Alimentos;VIP;Nocturna;Débito;$ 111.909,00;$ 4.401,00
770;07/10/2024;Juan;Castro;Mixto;Platino;Nocturna;Débito;$ 150.251,00;$ 17.503,00
771;07/10/2024;Juan;Castro;Mixto;Libre;Diurna;Transferencia;$ 147.223,00;$ 17.204,00
772;08/10/2024;Ana;Ruiz;Bebidas;VIP;Diurna;Crédito;$ 105.541,00;$ 6.087,00
773;04/10/2024;Juan;Castro;Alimentos;Platino;Diurna;Débito;$ 64.125,00;$ 10.082,00
774;02/10/2024;Juan;Castro;Alimentos;Libre;Nocturna;Transferencia;$ 73.548,00;$ 11.857,00
775;09/10/2024;Maria;Martinez;Mixto;VIP;Nocturna;Débito;$ 63.623,00;$ 9.374,00
776;07/10/2024;Juan;Castro;Alimentos;Libre;Nocturna;Efectivo;$ 78.256,00;$ 9.366,00
777;08/10/2024;Pedro;Sánchez;Bebidas;Libre;Nocturna;Crédito;$ 129.420,00;$ 6.027,00
778;06/10/2024;Carlos;López;Mixto;Platino;Nocturna;Transferencia;$ 33.974,00;$ 4.456,00
779;01/10/2024;Juan;Castro;Mixto;Libre;Diurna;Débito;$ 79.257,00;$ 6.690,00
780;04/10/2024;Carlos;López;Bebidas;Libre;Diurna;Transferencia;$ 100.672,00;$ 8.526,00
781;08/10/2024;Juan;Castro;Bebidas;Libre;Nocturna;Transferencia;$ 75.076,00;$ 9.352,00
782;07/10/2024;Ana;Ruiz;Bebidas;Libre;Nocturna;Transferencia;$ 58.326,00;$ 8.499,00
783;03/10/2024;Juan;Castro;Bebidas;Libre;Diurna;Efectivo;$ 141.890,00;$ 5.723,00
784;04/10/2024;Ana;Ruiz;Mixto;Platino;Diurna;Débito;$ 138.845,00;$ 15.978,00
785;02/10/2024;Ana;Ruiz;Mixto;VIP;Nocturna;Débito;$ 55.203,00;$ 2.956,00
786;06/10/2024;Ana;Ruiz;Mixto;Libre;Nocturna;Efectivo;$ 120.772,00;$ 7.464,00
787;08/10/2024;Pedro;Sánchez;Alimentos;Platino;Diurna;Débito;$ 116.187,00;$ 11.915,00
788;05/10/2024;Ana;Ruiz;Bebidas;Libre;Nocturna;Débito;$ 171.618,00;$ 4.552,00
789;09/10/2024;Carlos;López;Bebidas;Libre;Diurna;Crédito;$ 41.128,00;$ 7.172,00
790;01/10/2024;Ana;Ruiz;Bebidas;VIP;Nocturna;Efectivo;$ 78.865,00;$ 5.549,00
791;03/10/2024;Juan;Castro;Bebidas;Libre;Nocturna;Efectivo;$ 100.388,00;$ 7.771,00
792;04/10/2024;Ana;Ruiz;Bebidas;Platino;Nocturna;Crédito;$ 43.309,00;$ 2.042,00
793;03/10/2024;Pedro;Sánchez;Mixto;VIP;Nocturna;Débito;$ 154.198,00;$ 5.004,00
794;04/10/2024;Carlos;López;Alimentos;Libre;Diurna;Débito;$ 57.040,00;$ 12.821,00
795;0/10/2024;Ana;Ruiz;Alimentos;VIP;Nocturna;Transferencia;$ 53.811,00;$ 15.926,00
796;01/10/2024;Carlos;López;Alimentos;Libre;Nocturna;Crédito;$ 91.653,00;$ 9.882,00
797;07/10/2024;Carlos;López;Mixto;Platino;Diurna;Transferencia;$ 61.487,00;$ 4.253,00
798;05/10/2024;Ana;Ruiz;Bebidas;Platino;Nocturna;Efectivo;$ 86.676,00;$ 10.879,00
799;09/10/2024;Ana;Ruiz;Mixto;Libre;Nocturna;Débito;$ 30.790,00;$ 16.286,00
800;01/10/2024;Juan;Castro;Bebidas;Libre;Diurna;Efectivo;$ 33.571,00;$ 6.938,00
801;02/10/2024;Pedro;Sánchez;Bebidas;Platino;Nocturna;Débito;$ 66.042,00;$ 6.071,00
802;06/10/2024;Carlos;López;Alimentos;Platino;Diurna;Efectivo;$ 125.237,00;$ 10.317,00
803;01/10/2024;Carlos;López;Mixto;Libre;Diurna;Crédito;$ 138.882,00;$ 14.068,00
804;0/10/2024;Juan;Castro;Bebidas;VIP;Nocturna;Débito;$ 112.925,00;$ 5.062,00
805;07/10/2024;Juan;Castro;Bebidas;VIP;Diurna;Débito;$ 109.796,00;$ 6.462,00
806;03/11/2024;Juan;Castro;Bebidas;Platino;Nocturna;Crédito;$ 64.215,00;$ 7.208,00
807;08/11/2024;Ana;Ruiz;Mixto;Libre;Nocturna;Débito;$ 81.515,00;$ 7.048,00
808;07/11/2024;Ana;Ruiz;Mixto;VIP;Diurna;Efectivo;$ 88.418,00;$ 9.374,00
809;02/11/2024;Juan;Castro;Alimentos;VIP;Nocturna;Transferencia;$ 86.875,00;$ 9.369,00
810;08/11/2024;Ana;Ruiz;Bebidas;Libre;Nocturna;Débito;$ 75.022,00;$ 4.368,00
811;06/11/2024;Juan;Castro;Mixto;VIP;Nocturna;Transferencia;$ 77.461,00;$ 10.029,00
812;05/11/2024;Juan;Castro;Mixto;VIP;Diurna;Débito;$ 138.139,00;$ 16.985,00
813;05/11/2024;Juan;Castro;Alimentos;Libre;Nocturna;Débito;$ 117.342,00;$ 14.770,00
814;02/11/2024;Ana;Ruiz;Alimentos;Platino;Diurna;Débito;$ 34.539,00;$ 15.361,00
815;07/11/2024;Pedro;Sánchez;Mixto;VIP;Nocturna;Crédito;$ 130.295,00;$ 10.160,00
816;05/11/2024;Maria;Martinez;Bebidas;VIP;Nocturna;Transferencia;$ 42.542,00;$ 6.942,00
817;06/11/2024;Ana;Ruiz;Bebidas;Libre;Nocturna;Débito;$ 145.192,00;$ 5.846,00
818;07/11/2024;Ana;Ruiz;Bebidas;Libre;Nocturna;Transferencia;$ 137.977,00;$ 8.020,00
819;07/11/2024;Carlos;López;Mixto;VIP;Diurna;Débito;$ 178.194,00;$ 3.331,00
820;02/11/2024;Juan;Castro;Mixto;Platino;Nocturna;Transferencia;$ 118.883,00;$ 13.741,00
821;04/11/2024;Ana;Ruiz;Bebidas;Libre;Nocturna;Débito;$ 59.090,00;$ 9.652,00
822;03/11/2024;Ana;Ruiz;Bebidas;VIP;Diurna;Crédito;$ 143.238,00;$ 7.146,00
823;07/11/2024;Ana;Ruiz;Mixto;Libre;Diurna;Transferencia;$ 95.166,00;$ 11.340,00
824;03/11/2024;Carlos;López;Bebidas;VIP;Diurna;Débito;$ 73.782,00;$ 5.386,00
825;02/11/2024;Juan;Castro;Alimentos;Libre;Nocturna;Débito;$ 87.424,00;$ 7.464,00
826;01/11/2024;Juan;Castro;Bebidas;Libre;Nocturna;Transferencia;$ 74.902,00;$ 3.000,00
827;0/11/2024;Juan;Castro;Mixto;Platino;Nocturna;Débito;$ 136.277,00;$ 6.360,00
828;09/11/2024;Carlos;López;Mixto;Platino;Diurna;Transferencia;$ 87.298,00;$ 8.624,00
829;09/11/2024;Juan;Castro;Mixto;VIP;Diurna;Transferencia;$ 76.548,00;$ 7.080,00
830;0/11/2024;Juan;Castro;Alimentos;VIP;Diurna;Transferencia;$ 141.356,00;$ 13.033,00
831;02/11/2024;Pedro;Sánchez;Mixto;VIP;Nocturna;Crédito;$ 68.047,00;$ 7.548,00
832;02/11/2024;Ana;Ruiz;Mixto;Libre;Nocturna;Débito;$ 39.802,00;$ 12.632,00
833;04/11/2024;Carlos;López;Alimentos;Libre;Diurna;Débito;$ 103.150,00;$ 8.103,00
834;01/11/2024;Pedro;Sánchez;Mixto;Libre;Diurna;Transferencia;$ 115.045,00;$ 3.710,00
835;01/11/2024;Carlos;López;Bebidas;VIP;Nocturna;Débito;$ 48.896,00;$ 9.586,00
836;02/11/2024;Juan;Castro;Bebidas;Libre;Diurna;Efectivo;$ 117.737,00;$ 5.919,00
837;06/11/2024;Juan;Castro;Bebidas;Libre;Diurna;Débito;$ 45.464,00;$ 6.965,00
838;08/11/2024;Pedro;Sánchez;Bebidas;Libre;Nocturna;Débito;$ 86.547,00;$ 3.995,00
839;04/11/2024;Juan;Castro;Mixto;Platino;Nocturna;Efectivo;$ 57.638,00;$ 8.516,00
840;06/11/2024;Carlos;López;Bebidas;Libre;Nocturna;Transferencia;$ 122.887,00;$ 2.163,00
841;02/11/2024;Juan;Castro;Bebidas;Platino;Diurna;Crédito;$ 54.397,00;$ 6.074,00
842;07/11/2024;Carlos;López;Bebidas;Platino;Nocturna;Débito;$ 98.972,00;$ 5.323,00
843;07/11/2024;Maria;Martinez;Bebidas;Libre;Diurna;Efectivo;$ 65.969,00;$ 4.769,00
844;06/11/2024;Juan;Castro;Bebidas;Platino;Diurna;Efectivo;$ 100.795,00;$ 7.836,00
845;04/11/2024;Juan;Castro;Mixto;Libre;Diurna;Débito;$ 115.964,00;$ 10.869,00
846;0/11/2024;Pedro;Sánchez;Bebidas;Libre;Diurna;Efectivo;$ 77.148,00;$ 8.295,00
847;07/11/2024;Juan;Castro;Mixto;VIP;Diurna;Transferencia;$ 146.998,00;$ 17.688,00
848;0/11/2024;Pedro;Sánchez;Bebidas;VIP;Diurna;Efectivo;$ 105.802,00;$ 4.326,00
849;05/11/2024;Carlos;López;Mixto;Platino;Diurna;Crédito;$ 59.926,00;$ 8.118,00
850;06/11/2024;Pedro;Sánchez;Bebidas;Platino;Nocturna;Efectivo;$ 135.806,00;$ 4.919,00
851;04/11/2024;Pedro;Sánchez;Mixto;Libre;Nocturna;Débito;$ 148.788,00;$ 3.362,00
852;02/11/2024;Pedro;Sánchez;bebidas;Libre;Nocturna;Transferencia;$ 68.829,00;$ 8.445,00
853;04/11/2024;Carlos;López;Bebidas;VIP;Diurna;Débito;$ 52.289,00;$ 9.697,00
854;02/11/2024;Juan;Castro;Mixto;Libre;Diurna;Crédito;$ 63.918,00;$ 6.274,00
855;01/11/2024;Carlos;López;Mixto;VIP;Diurna;Crédito;$ 88.652,00;$ 9.250,00
856;09/11/2024;Juan;Castro;Alimentos;Platino;Diurna;Efectivo;$ 75.310,00;$ 7.547,00
857;04/11/2024;Pedro;Sánchez;Bebidas;Libre;Diurna;Débito;$ 150.989,00;$ 5.158,00
858;03/11/2024;Pedro;Sánchez;Mixto;VIP;Diurna;Transferencia;$ 47.731,00;$ 11.538,00
859;0/11/2024;Juan;Castro;Alimentos;VIP;Nocturna;Efectivo;$ 81.696,00;$ 10.297,00
860;04/11/2024;Pedro;Sánchez;Mixto;Libre;Diurna;Efectivo;$ 35.331,00;$ 16.207,00
861;04/11/2024;Juan;Castro;Mixto;Libre;Nocturna;Crédito;$ 59.177,00;$ 14.243,00
862;04/11/2024;Juan;Castro;Bebidas;Platino;Diurna;Efectivo;$ 64.005,00;$ 9.923,00
863;09/11/2024;Carlos;López;Mixto;VIP;Diurna;Transferencia;$ 134.260,00;$ 16.678,00
864;07/11/2024;Pedro;Sánchez;Bebidas;Libre;Nocturna;Crédito;$ 49.063,00;$ 3.350,00
865;06/11/2024;Juan;Castro;Mixto;Libre;Diurna;Transferencia;$ 121.153,00;$ 12.423,00
866;05/11/2024;Juan;Castro;Mixto;VIP;Diurna;Crédito;$ 84.980,00;$ 3.335,00
867;01/11/2024;Juan;Castro;Bebidas;VIP;Diurna;Crédito;$ 63.075,00;$ 3.095,00
868;07/11/2024;Carlos;López;Mixto;Platino;Diurna;Efectivo;$ 163.954,00;$ 9.299,00
869;07/11/2024;Juan;Castro;Alimentos;Platino;Nocturna;Efectivo;$ 80.451,00;$ 6.528,00
870;03/11/2024;Juan;Castro;Alimentos;Libre;Diurna;Efectivo;$ 130.707,00;$ 9.973,00
871;05/11/2024;Juan;Castro;Alimentos;Platino;Diurna;Débito;$ 81.561,00;$ 21.479,00
872;02/11/2024;Ana;Ruiz;Alimentos;Libre;Nocturna;Efectivo;$ 34.409,00;$ 10.548,00
873;01/11/2024;Ana;Ruiz;Alimentos;Libre;Nocturna;Débito;$ 66.011,00;$ 16.306,00
874;05/11/2024;Juan;Castro;Mixto;VIP;Diurna;Efectivo;$ 51.066,00;$ 8.419,00
875;07/11/2024;Pedro;Sánchez;Bebidas;Libre;Diurna;Crédito;$ 61.045,00;$ 8.121,00
876;06/11/2024;Ana;Ruiz;Mixto;VIP;Nocturna;Débito;$ 67.563,00;$ 7.564,00
877;06/11/2024;Pedro;Sánchez;Mixto;Platino;Nocturna;Crédito;$ 58.788,00;$ 6.954,00
878;09/11/2024;Ana;Ruiz;Alimentos;Platino;Diurna;Crédito;$ 118.435,00;$ 13.802,00
879;0/11/2024;Juan;Castro;Bebidas;Platino;Nocturna;Efectivo;$ 86.051,00;$ 5.390,00
880;07/12/2024;Ana;Ruiz;Mixto;Platino;Diurna;Transferencia;$ 76.681,00;$ 15.437,00
881;07/12/2024;Pedro;Sánchez;Mixto;VIP;Diurna;Crédito;$ 143.410,00;$ 10.472,00
882;01/12/2024;Juan;Castro;Alimentos;Libre;Nocturna;Crédito;$ 125.754,00;$ 15.659,00
883;05/12/2024;Carlos;López;Bebidas;VIP;Nocturna;Crédito;$ 82.980,00;$ 8.974,00
884;03/12/2024;Carlos;López;Mixto;Libre;Diurna;Débito;$ 74.622,00;$ 9.509,00
885;07/12/2024;Ana;Ruiz;Bebidas;Platino;Nocturna;Débito;$ 50.282,00;$ 4.399,00
886;06/12/2024;Ana;Ruiz;mixto;Platino;Diurna;Transferencia;$ 117.293,00;$ 9.416,00
887;0/12/2024;Juan;Castro;Bebidas;Libre;Nocturna;Débito;$ 177.207,00;$ 9.796,00
888;04/12/2024;Juan;Castro;Alimentos;Libre;Diurna;Transferencia;$ 83.427,00;$ 9.993,00
889;08/12/2024;Juan;Castro;Bebidas;Platino;Nocturna;Crédito;$ 37.484,00;$ 6.225,00
890;07/12/2024;Carlos;López;Bebidas;Libre;Diurna;Crédito;$ 89.772,00;$ 12.534,00
891;06/12/2024;Carlos;López;Alimentos;Platino;Diurna;Efectivo;$ 96.099,00;$ 15.380,00
892;08/12/2024;Juan;Castro;Mixto;Libre;Nocturna;Débito;$ 76.163,00;$ 5.291,00
893;02/12/2024;Maria;Martinez;Mixto;Libre;Nocturna;Débito;$ 100.680,00;$ 7.063,00
894;08/12/2024;Juan;Castro;Mixto;Libre;Nocturna;Crédito;$ 137.109,00;$ 20.320,00
895;04/12/2024;Ana;Ruiz;Mixto;Platino;Nocturna;Efectivo;$ 146.711,00;$ 11.476,00
896;06/12/2024;Pedro;Sánchez;Bebidas;VIP;Diurna;Efectivo;$ 41.991,00;$ 1.853,00
897;06/12/2024;Pedro;Sánchez;Bebidas;VIP;Diurna;Transferencia;$ 70.938,00;$ 4.440,00
898;04/12/2024;Pedro;Sánchez;Mixto;VIP;Nocturna;Crédito;$ 82.921,00;$ 8.265,00
899;02/12/2024;Pedro;Sánchez;Alimentos;VIP;Nocturna;Transferencia;$ 63.066,00;$ 20.392,00
900;07/12/2024;Ana;Ruiz;Mixto;Libre;Diurna;Transferencia;$ 83.873,00;$ 2.763,00
901;02/12/2024;Pedro;Sánchez;Bebidas;Platino;Diurna;Transferencia;$ 164.289,00;$ 7.973,00
902;03/12/2024;Ana;Ruiz;Alimentos;Libre;Nocturna;Efectivo;$ 36.754,00;$ 9.111,00
903;0/12/2024;Ana;Ruiz;Alimentos;VIP;Nocturna;Débito;$ 88.996,00;$ 15.802,00
904;03/12/2024;Pedro;Sánchez;Mixto;Platino;Nocturna;Crédito;$ 63.377,00;$ 13.019,00
905;09/12/2024;Juan;Castro;Mixto;Libre;Diurna;Transferencia;$ 71.816,00;$ 8.427,00
906;06/12/2024;Juan;Castro;Mixto;VIP;Diurna;Efectivo;$ 65.548,00;$ 6.942,00
907;01/12/2024;Juan;Castro;Bebidas;Libre;Nocturna;Débito;$ 79.236,00;$ 8.186,00
908;03/12/2024;Juan;Castro;Mixto;VIP;Diurna;Débito;$ 55.611,00;$ 7.624,00
909;0/12/2024;Carlos;López;Alimentos;VIP;Diurna;Transferencia;$ 135.655,00;$ 13.057,00
910;08/12/2024;Juan;Castro;Bebidas;Platino;Nocturna;Transferencia;$ 143.198,00;$ 10.090,00
911;05/12/2024;Ana;Ruiz;Mixto;Libre;Diurna;Efectivo;$ 116.295,00;$ 7.493,00
912;06/12/2024;Juan;Castro;Alimentos;VIP;Diurna;Transferencia;$ 111.540,00;$ 10.054,00
913;0/12/2024;Ana;Ruiz;Bebidas;Platino;Nocturna;Efectivo;$ 154.416,00;$ 6.787,00
914;02/12/2024;Ana;Ruiz;Mixto;VIP;Nocturna;Efectivo;$ 43.000,00;$ 10.403,00
915;04/12/2024;Ana;Ruiz;Bebidas;VIP;Nocturna;Efectivo;$ 74.000,00;$ 6.606,00
916;06/12/2024;Carlos;López;Bebidas;VIP;Diurna;Crédito;$ 34.000,00;$ 3.188,00
917;02/12/2024;Ana;Ruiz;Alimentos;VIP;Nocturna;Débito;$ 84.000,00;$ 4.655,00
918;02/12/2024;Carlos;López;Mixto;Platino;Nocturna;Débito;$ 29.000,00;$ 10.589,00
919;09/12/2024;Ana;Ruiz;alimentos;VIP;Nocturna;Efectivo;$ 131.000,00;$ 10.796,00
920;03/12/2024;Juan;Castro;Alimentos;Libre;Nocturna;Transferencia;$ 78.066,00;$ 7.381,00
921;09/12/2024;Juan;Castro;bebidas;Libre;Diurna;Crédito;$ 56.266,00;$ 5.600,00
922;02/12/2024;Pedro;Sánchez;Alimentos;VIP;Nocturna;Crédito;$ 89.071,00;$ 13.840,00
923;03/12/2024;Ana;Ruiz;Bebidas;VIP;Nocturna;Crédito;$ 84.053,00;$ 8.220,00
924;08/12/2024;Ana;Ruiz;Alimentos;Platino;Nocturna;Transferencia;$ 127.808,00;$ 7.495,00
925;02/12/2024;Juan;Castro;Bebidas;VIP;Nocturna;Efectivo;$ 126.018,00;$ 4.878,00
926;04/12/2024;Pedro;Sánchez;Mixto;Libre;Nocturna;Transferencia;$ 68.037,00;$ 9.905,00
927;03/12/2024;Juan;Castro;Alimentos;Platino;Nocturna;Crédito;$ 131.292,00;$ 5.147,00
928;09/12/2024;Pedro;Sánchez;Mixto;Libre;Nocturna;Crédito;$ 132.321,00;$ 9.909,00
929;05/12/2024;Pedro;Sánchez;Bebidas;VIP;Diurna;Débito;$ 128.490,00;$ 4.053,00
930;04/12/2024;Ana;Ruiz;Alimentos;Libre;Nocturna;Efectivo;$ 118.805,00;$ 17.953,00
931;02/12/2024;Juan;Castro;Bebidas;VIP;Diurna;Transferencia;$ 32.658,00;$ 5.394,00
932;0/12/2024;Juan;Castro;Alimentos;VIP;Diurna;Transferencia;$ 32.128,00;$ 8.182,00
933;08/12/2024;Pedro;Sánchez;Alimentos;Libre;Diurna;Efectivo;$ 130.277,00;$ 15.898,00
934;02/12/2024;Ana;Ruiz;Mixto;VIP;Nocturna;Transferencia;$ 65.076,00;$ 16.673,00
935;04/12/2024;Juan;Castro;Alimentos;Libre;Nocturna;Efectivo;$ 94.678,00;$ 14.213,00
936;05/12/2024;Carlos;López;Bebidas;Platino;Diurna;Débito;$ 101.147,00;$ 4.296,00
937;09/12/2024;Juan;Castro;Bebidas;Platino;Diurna;Efectivo;$ 73.122,00;$ 11.303,00
938;04/12/2024;Carlos;López;Alimentos;Platino;Nocturna;Efectivo;$ 42.322,00;$ 22.803,00
939;07/12/2024;Pedro;Sánchez;Bebidas;Libre;Nocturna;Efectivo;$ 75.917,00;$ 5.469,00
940;01/12/2024;Carlos;López;Bebidas;VIP;Nocturna;Crédito;$ 147.084,00;$ 4.102,00
941;05/12/2024;Juan;Castro;Mixto;VIP;Diurna;Efectivo;$ 88.573,00;$ 3.245,00
942;03/12/2024;Pedro;Sánchez;Alimentos;Platino;Diurna;Transferencia;$ 68.213,00;$ 20.502,00
943;02/12/2024;Ana;Ruiz;Mixto;Libre;Diurna;Débito;$ 72.959,00;$ 19.214,00
944;0/12/2024;Pedro;Sánchez;Bebidas;Libre;Diurna;Transferencia;$ 141.773,00;$ 4.321,00
945;01/12/2024;Juan;Castro;Alimentos;Platino;Nocturna;Crédito;$ 102.318,00;$ 14.660,00
946;09/12/2024;Carlos;López;Mixto;Platino;Diurna;Efectivo;$ 76.806,00;$ 10.050,00
947;09/12/2024;Juan;Castro;Bebidas;VIP;Nocturna;Transferencia;$ 129.209,00;$ 6.225,00
948;07/12/2024;Carlos;López;Alimentos;VIP;Nocturna;Efectivo;$ 136.869,00;$ 5.629,00
949;07/12/2024;Juan;Castro;Mixto;Libre;Diurna;Crédito;$ 133.836,00;$ 9.021,00
950;07/12/2024;Juan;Castro;Bebidas;VIP;Diurna;Transferencia;$ 62.675,00;$ 8.427,00
REGISTRO INDIVIDUAL DE VENTAS - PERIODO ENERO - DICIEMBRE 2024;;;;;;;;$ 62.675,00;
