REGISTRO INDIVIDUAL DE VENTAS - PERIODO ENERO - DICIEMBRE 2024;;;;;;;
# Servicio;Fecha;Nombre;Apellido;Categoria;Zona;Jornada/Forma de Pago;Valor y Propina
100;3/01/2024;Juan;Castro;Bebidas;Libre;Diurna/Efectivo;70000-3500
101;3/01/2024;Juan;Castro;Alimentos;VIP;Nocturna/Transferencia;130000-15600
102;3/01/2024;Juan;Castro;Mixto;;Diurna/Debito;145000-11600
103;3/01/2024;Juan;Castro;Bebidas;;Diurna/Efectivo;36000-1800
104;3/01/2024;Juan;Castro;Mixto;Libre;Nocturna/Efectivo;46000-2300
105;3/01/2024;JUAN;CASTRO;Bebidas;Platino;Diurna/Transferencia;125000-15000
106;3/01/2024;Pedro;Sánchez;Bebidas;Libre;Nocturna/Efectivo;123000-6150
107;3/01/2024;Pedro;Sánchez;Bebidas;VIP;Diurna/Debito;45000-3600
108;3/01/2024;Pedro;Sánchez;Mixto;Platino;Diurna/Efectivo;28000-1400
109;3/01/2024;Pedro;Sánchez;Alimentos;VIP;Nocturna/Debito;45000-3600
110;3/01/2024;Pedro;Sánchez;Alimentos;Libre;Diurna/Debito;90000-7200
111;3/01/2024;Pedro;Sánchez;Alimentos;VIP;Diurna/Transferencia;45000-5400
112;3/01/2024;Pedro;Sánchez;Mixto;VIP;Diurna/Efectivo;22000-1100
113;3/01/2024;Pedro;Sánchez;Bebidas;Libre;Nocturna/Transferencia;34000-4080
114;3/01/2024;Pedro;Sánchez;Bebidas;Platino;Nocturna/Efectivo;22000-1100
115;4/01/2024;Pedro;Sánchez;Mixto;Libre;Diurna/Debito;115000-9200
116;4/01/2024;Pedro;Sánchez;Alimentos;VIP;Nocturna/Debito;22000-1760
117;4/01/2024;Pedro;Sánchez;alimentos;Libre;Diurna/Transferencia;62000-7440
118;4/01/2024;Ana;Ruiz;Mixto;VIP;Nocturna/Debito;76000-6080
119;4/01/2024;Ana;Ruiz;Alimentos;Platino;Diurna/Efectivo;24000-1200
120;4/01/2024;Ana;Ruiz;Bebidas;Libre;Diurna/Transferencia;54000-6480
121;4/01/2024;Ana;Ruiz;Alimentos;VIP;Diurna/Efectivo;94000-4700
122;4/01/2024;Ana;Ruiz;;Libre;Diurna/Efectivo;32000-1600
123;4/01/2024;Ana;Ruiz;Mixto;VIP;Diurna/Debito;74000-5920
124;4/01/2024;Ana;Ruiz;Bebidas;Platino;Diurna/Transferencia;124000-14880
125;4/01/2024;Juan;Castro;Bebidas;Libre;Nocturna/Debito;25000-2000
126;4/01/2024;Juan;Castro;Mixto;VIP;Nocturna/Efectivo;30000-1500
127;4/01/2024;Juan;Castro;Bebidas;;Diurna/Debito;38000-3040
128;4/01/2024;Juan;Castro;Bebidas;Libre;Diurna/Transferencia;70000-8400
129;4/01/2024;JUAN;CASTRO;Alimentos;VIP;Nocturna/Debito;30000-2400
130;4/01/2024;Pedro;Sánchez;Mixto;Libre;Diurna/Debito;45000-3600
131;4/01/2024;Pedro;Sánchez;Mixto;Platino;Nocturna/Transferencia;140000-16800
132;4/01/2024;Pedro;Sánchez;Alimentos;VIP;Diurna/Efectivo;45000-2250
133;4/01/2024;Pedro;Sánchez;Alimentos;VIP;Nocturna/Efectivo;105000-5250
134;4/01/2024;Pedro;Sánchez;mixto;Libre;Nocturna/Debito;32000-2560
135;4/01/2024;Pedro;Sánchez;Bebidas;Platino;Nocturna/Debito;45000-3600
136;4/01/2024;Juan;Castro;bebidas;VIP;Diurna/Efectivo;26000-1300
137;5/01/2024;Juan;Castro;Mixto;Libre;Nocturna/Transferencia;26000-3120
138;4/01/2024;Juan;Castro;Alimentos;Libre;Nocturna/Efectivo;32000-1600
139;5/01/2024;Juan;Castro;Alimentos;Platino;Nocturna/Efectivo;126000-6300
140;4/01/2024;Juan;Castro;Mixto;Libre;Nocturna/Transferencia;26000-3120
141;5/01/2024;Juan;Castro;Alimentos;Libre;Diurna/Debito;29000-2320
142;4/01/2024;Juan;Castro;Mixto;Platino;Diurna/Debito;96000-7680
143;5/01/2024;Juan;Castro;Alimentos;VIP;Nocturna/Debito;26000-2080
144;4/01/2024;JUAN;CASTRO;Bebidas;Platino;Diurna/Transferencia;35000-4200
145;5/01/2024;Juan;Castro;Bebidas;VIP;Diurna/Efectivo;43000-2150
146;4/01/2024;Juan;Castro;Mixto;Libre;Nocturna/Debito;35000-2800
147;5/01/2024;Juan;Castro;Alimentos;Platino;Nocturna/Transferencia;35000-4200
148;6/01/2024;Juan;Castro;Bebidas;Libre;Nocturna/Debito;73000-5840
149;6/01/2024;MARIA;MARTINEZ;Bebidas;VIP;Nocturna/Transferencia;98000-11760
150;6/01/2024;Juan;Castro;;VIP;Diurna/Debito;13000-1040
151;6/01/2024;JUAN;CASTRO;alimentos;Libre;Diurna/Debito;35000-2800
152;6/01/2024;Ana;Ruiz;Mixto;Platino;Nocturna/Debito;84000-6720
153;6/01/2024;Ana;Ruiz;Alimentos;Libre;Diurna/Transferencia;129000-15480
154;6/01/2024;Ana;Ruiz;Alimentos;Platino;Nocturna/Debito;74000-5920
155;6/01/2024;Ana;Ruiz;Bebidas;VIP;Nocturna/Efectivo;34000-1700
156;6/01/2024;Ana;Ruiz;Mixto;Platino;Diurna/Transferencia;84000-10080
157;6/01/2024;Ana;Ruiz;;VIP;Nocturna/Efectivo;29000-1450
158;6/01/2024;Ana;Ruiz;Bebidas;;Diurna/Transferencia;131000-15720
159;6/02/2024;Carlos;López;Bebidas;;Diurna/Crédito;81956-11842
160;7/02/2024;Juan;Castro;Bebidas;VIP;Nocturna/Crédito;32975-2222
161;8/02/2024;Pedro;Sánchez;Alimentos;Libre;Diurna/Débito;79257-8785
162;7/02/2024;MARIA;MARTINEZ;mixto;Platino;Diurna/Débito;100672-6587
163;9/02/2024;MARIA;MARTINEZ;Bebidas;Libre;Nocturna/Efectivo;78066-5860
164;3/02/2024;MARIA;MARTINEZ;Alimentos;Libre;Diurna/Débito;87320-5904
165;0/02/2024;MARIA;MARTINEZ;Mixto;VIP;Diurna/Transferencia;136659-19606
166;5/02/2024;MARIA;MARTINEZ;Alimentos;Platino;Diurna/Efectivo;152525-20774
167;1/02/2024;Juan;Castro;Bebidas;Platino;Diurna/Crédito;84318-9679
168;2/02/2024;Juan;Castro;Alimentos;Platino;Diurna/Crédito;125673-15451
169;2/02/2024;Juan;Castro;;;Nocturna/Transferencia;150055-7762
170;1/02/2024;Juan;Castro;Bebidas;;Diurna/Débito;75076-4656
171;2/02/2024;Carlos;López;Mixto;;Nocturna/Transferencia;138943-20473
172;3/02/2024;Ana;Ruiz;;Platino;Diurna/Efectivo;81469-4443
173;3/02/2024;Carlos;López;Mixto;Platino;Nocturna/Débito;134417-7595
174;2/02/2024;Carlos;López;Alimentos;Platino;Nocturna/Transferencia;114387-10259
175;9/02/2024;MARIA;MARTINEZ;Bebidas;VIP;Nocturna/Crédito;58326-6280
176;3/02/2024;Juan;Castro;Bebidas;VIP;Diurna/Débito;49155-3226
177;9/02/2024;Juan;Castro;Alimentos;Platino;Nocturna/Transferencia;141890-14642
178;1/02/2024;Juan;Castro;Bebidas;VIP;Diurna/Efectivo;44792-4942
179;1/02/2024;Pedro;Sánchez;Mixto;Libre;Nocturna/Efectivo;138845-7780
180;5/02/2024;Ana;Ruiz;mixto;Platino;Diurna/Crédito;55203-7942
181;1/02/2024;Carlos;López;Alimentos;;Diurna/Débito;146248-20713
182;2/02/2024;Juan;Castro;Alimentos;Platino;Nocturna/Transferencia;110305-13739
183;3/02/2024;Carlos;López;Mixto;Platino;Nocturna/Efectivo;76850-4166
184;8/02/2024;Ana;Ruiz;Alimentos;Platino;Nocturna/Débito;80183-8818
185;8/02/2024;Pedro;Sánchez;Mixto;VIP;Diurna/Transferencia;116979-9727
186;1/02/2024;Ana;Ruiz;Mixto;VIP;Nocturna/Efectivo;120772-9883
187;9/02/2024;Ana;Ruiz;bebidas;Platino;Nocturna/Transferencia;82591-11088
188;4/02/2024;Carlos;López;Mixto;VIP;Nocturna/Débito;62455-8824
189;8/02/2024;Juan;Castro;Bebidas;Libre;Nocturna/Efectivo;80090-9881
190;4/02/2024;Ana;Ruiz;Alimentos;;Diurna/Transferencia;149834-20571
191;8/02/2024;Carlos;López;Bebidas;VIP;Nocturna/Efectivo;73201-6579
192;3/02/2024;Juan;Castro;Alimentos;VIP;Diurna/Transferencia;150639-16270
193;6/02/2024;Carlos;López;Alimentos;Libre;Diurna/Efectivo;116187-11462
194;2/02/2024;Carlos;López;Alimentos;Platino;Diurna/Débito;171618-22868
195;0/02/2024;Ana;Ruiz;Alimentos;Libre;Diurna/Débito;101089-12642
196;6/02/2024;Pedro;Sánchez;Mixto;Libre;Nocturna/Crédito;138894-17039
197;7/02/2024;Juan;Castro;Bebidas;VIP;Nocturna/Crédito;67696-7256
198;8/02/2024;JUAN;CASTRO;Bebidas;VIP;Diurna/Efectivo;41128-5117
199;7/02/2024;Juan;Castro;Bebidas;Platino;Diurna/Efectivo;50789-3912
200;9/02/2024;Carlos;López;Bebidas;Libre;Nocturna/Crédito;62735-3640
201;9/02/2024;Juan;Castro;Bebidas;VIP;Diurna/Débito;56650-3857
202;0/02/2024;Ana;Ruiz;Alimentos;VIP;Diurna/Efectivo;171944-11829
203;3/02/2024;Juan;Castro;Mixto;Platino;Nocturna/Transferencia;59653-7057
204;1/02/2024;Ana;Ruiz;Bebidas;Platino;Diurna/Débito;68725-3768
205;9/02/2024;Juan;Castro;Bebidas;Libre;Nocturna/Efectivo;78865-6485
206;2/02/2024;Juan;Castro;Bebidas;VIP;Diurna/Débito;49829-5663
207;7/02/2024;Carlos;López;Alimentos;Libre;Diurna/Débito;173750-15495
208;2/02/2024;Carlos;López;Alimentos;Libre;Nocturna/Transferencia;113072-16819
209;8/02/2024;Juan;Castro;Bebidas;Platino;Nocturna/Transferencia;56266-6334
210;1/02/2024;Juan;Castro;Bebidas;Libre;Diurna/Débito;54086-4156
211;8/02/2024;Juan;Castro;Mixto;Platino;Diurna/Transferencia;149962-19466
212;4/02/2024;Carlos;López;Mixto;Platino;Nocturna/Efectivo;92962-11690
213;6/02/2024;Ana;Ruiz;Bebidas;Platino;Diurna/Crédito;39082-5824
214;6/02/2024;Juan;Castro;Alimentos;VIP;Diurna/Transferencia;78735-9630
215;3/02/2024;Ana;Ruiz;Bebidas;Platino;Nocturna/Débito;56821-4170
216;7/02/2024;Ana;Ruiz;Bebidas;Platino;Diurna/Efectivo;40795-4644
217;4/02/2024;Pedro;Sánchez;Bebidas;Platino;Diurna/Débito;59873-6476
218;7/02/2024;JUAN;CASTRO;Alimentos;VIP;Nocturna/Transferencia;82222-6577
219;5/02/2024;Carlos;López;;VIP;Diurna/Débito;96098-13497
220;6/02/2024;Juan;Castro;Alimentos;;Diurna/Transferencia;125012-8919
221;2/02/2024;Carlos;López;Mixto;VIP;Nocturna/Efectivo;108530-11613
222;1/02/2024;Juan;Castro;Alimentos;Libre;Diurna/Efectivo;133235-19876
223;7/02/2024;Juan;Castro;Alimentos;VIP;Diurna/Transferencia;100388-9184
224;8/02/2024;Pedro;Sánchez;Bebidas;;Nocturna/Efectivo;81025-10050
225;8/02/2024;Ana;Ruiz;Mixto;VIP;Nocturna/Débito;89225-6188
226;4/02/2024;MARIA;MARTINEZ;Mixto;Platino;Nocturna/Transferencia;140284-19305
227;8/02/2024;Ana;Ruiz;Bebidas;Libre;Diurna/Débito;65295-8544
228;3/02/2024;Carlos;López;Alimentos;;Nocturna/Transferencia;120783-10548
229;2/02/2024;Ana;Ruiz;Bebidas;Libre;Diurna/Crédito;37200-3095
230;5/02/2024;Ana;Ruiz;Mixto;VIP;Nocturna/Débito;118323-17063
231;4/02/2024;Juan;Castro;Mixto;Platino;Diurna/Transferencia;87201-5931
232;0/02/2024;Juan;Castro;Bebidas;Libre;Nocturna/Transferencia;88386-10797
233;1/02/2024;Ana;Ruiz;Bebidas;VIP;Diurna/Transferencia;43309-5284
234;9/02/2024;Juan;Castro;Mixto;VIP;Diurna/Crédito;78832-8342
235;3/02/2024;Juan;Castro;Bebidas;Platino;Nocturna/Efectivo;55519-5093
236;5/02/2024;Juan;Castro;Alimentos;Platino;Diurna/Crédito;97053-5203
237;2/02/2024;Ana;Ruiz;Mixto;Platino;Nocturna/Débito;137987-16386
238;6/02/2024;Ana;Ruiz;Alimentos;Libre;Diurna/Efectivo;135753-14878
239;7/03/2024;Juan;Castro;Alimentos;VIP;Nocturna/Efectivo;67381-8348
240;7/03/2024;Pedro;Sánchez;Alimentos;Platino;Nocturna/Efectivo;154198-13433
241;0/03/2024;Carlos;López;bebidas;Platino;Diurna/Transferencia;77081-9645
242;6/03/2024;Pedro;Sánchez;Bebidas;Platino;Diurna/Débito;70643-8533
243;0/03/2024;Pedro;Sánchez;Mixto;VIP;Nocturna/Crédito;100310-12941
244;7/03/2024;Juan;Castro;Bebidas;Libre;Nocturna/Transferencia;57040-8125
245;9/03/2024;Juan;Castro;Mixto;Libre;Nocturna/Transferencia;53811-4630
246;7/03/2024;Juan;Castro;Bebidas;Libre;Diurna/Crédito;80598-6898
247;2/03/2024;Juan;Castro;Mixto;VIP;Diurna/Crédito;60216-8939
248;2/03/2024;Ana;Ruiz;Alimentos;Libre;Diurna/Transferencia;91653-6167
249;9/03/2024;Juan;Castro;Bebidas;Platino;Diurna/Transferencia;39144-3638
250;4/03/2024;JUAN;CASTRO;Alimentos;Libre;Diurna/Transferencia;144068-19581
251;8/03/2024;Carlos;López;Bebidas;Platino;Diurna/Efectivo;51947-5267
252;5/03/2024;Ana;Ruiz;Alimentos;Libre;Diurna/Efectivo;94830-11037
253;7/03/2024;Ana;Ruiz;Bebidas;Libre;Diurna/Crédito;72823-3865
254;7/03/2024;Ana;Ruiz;Alimentos;Platino;Nocturna/Crédito;77719-5078
255;6/03/2024;Pedro;Sánchez;Mixto;Libre;Diurna/Débito;80820-6212
256;3/03/2024;Juan;Castro;Alimentos;VIP;Diurna/Transferencia;65362-7120
257;1/03/2024;Ana;Ruiz;Bebidas;Platino;Nocturna/Efectivo;61487-6514
258;3/03/2024;Juan;Castro;;Platino;Diurna/Crédito;69247-6477
259;5/03/2024;Carlos;López;Mixto;Libre;Diurna/Crédito;120946-10912
260;3/03/2024;Pedro;Sánchez;Bebidas;;Diurna/Transferencia;89071-8146
261;7/03/2024;Juan;Castro;Alimentos;Platino;Nocturna/Crédito;101839-8039
262;7/03/2024;Juan;Castro;Bebidas;Libre;Nocturna/Débito;82907-11674
263;7/03/2024;Juan;Castro;Mixto;Platino;Nocturna/Débito;86676-12481
264;9/03/2024;Carlos;López;Bebidas;Libre;Diurna/Efectivo;51397-3691
265;5/03/2024;Carlos;López;Bebidas;VIP;Diurna/Crédito;30790-1888
266;2/03/2024;Carlos;López;Alimentos;;Nocturna/Crédito;90536-12263
267;4/03/2024;Ana;Ruiz;Alimentos;Platino;Nocturna/Transferencia;81785-6412
268;9/03/2024;Juan;Castro;Bebidas;VIP;Diurna/Transferencia;33571-2392
269;2/03/2024;Carlos;López;mixto;Platino;Diurna/Transferencia;100834-8022
270;3/03/2024;Ana;Ruiz;Bebidas;Libre;Nocturna/Crédito;70294-10372
271;0/03/2024;Pedro;Sánchez;Bebidas;Platino;Diurna/Efectivo;81780-8950
272;3/03/2024;Juan;Castro;alimentos;Libre;Diurna/Crédito;66042-4670
273;5/03/2024;Juan;Castro;Alimentos;Platino;Nocturna/Transferencia;150484-21836
274;6/03/2024;Pedro;Sánchez;Mixto;Platino;Nocturna/Transferencia;125237-17141
275;6/03/2024;Juan;Castro;Bebidas;Libre;Diurna/Transferencia;65773-4464
276;6/03/2024;Pedro;Sánchez;Bebidas;;Diurna/Efectivo;35094-2616
277;6/03/2024;Ana;Ruiz;Mixto;VIP;Nocturna/Efectivo;148886-12706
278;9/03/2024;Ana;Ruiz;Mixto;VIP;Diurna/Efectivo;113074-6298
279;1/03/2024;Carlos;López;Alimentos;Libre;Diurna/Transferencia;139855-15795
280;9/03/2024;Ana;Ruiz;Alimentos;Platino;Nocturna/Crédito;62674-4222
281;8/03/2024;Juan;Castro;alimentos;VIP;Nocturna/Efectivo;138882-10608
282;7/03/2024;MARIA;MARTINEZ;Alimentos;VIP;Nocturna/Transferencia;112925-12494
283;1/03/2024;Juan;Castro;Bebidas;VIP;Diurna/Transferencia;57326-6522
284;3/03/2024;Ana;Ruiz;Mixto;VIP;Diurna/Débito;84131-8039
285;6/03/2024;Juan;Castro;Mixto;;Diurna/Efectivo;121748-15063
286;7/03/2024;Carlos;López;Mixto;Platino;Diurna/Transferencia;109796-13988
287;5/03/2024;Carlos;López;;Platino;Nocturna/Débito;60712-8958
288;6/03/2024;Ana;Ruiz;Bebidas;VIP;Nocturna/Débito;64215-8353
289;3/03/2024;Carlos;López;Mixto;VIP;Diurna/Transferencia;62000-8467
290;2/03/2024;Pedro;Sánchez;Alimentos;Libre;Diurna/Efectivo;149613-13911
291;2/03/2024;Ana;Ruiz;Bebidas;VIP;Nocturna/Débito;35189-3397
292;9/03/2024;Carlos;López;;Platino;Nocturna/Débito;39705-5888
293;0/03/2024;Carlos;López;Bebidas;Libre;Nocturna/Débito;75678-5630
294;6/03/2024;JUAN;CASTRO;Bebidas;VIP;Nocturna/Efectivo;55940-6547
295;2/03/2024;Juan;Castro;Mixto;VIP;Nocturna/Efectivo;93973-11451
296;5/03/2024;Juan;Castro;Bebidas;VIP;Nocturna/Efectivo;31074-2159
297;0/03/2024;Carlos;López;Mixto;Libre;Diurna/Transferencia;55518-6757
298;9/03/2024;Juan;Castro;Alimentos;Libre;Diurna/Efectivo;128565-16855
299;2/03/2024;Carlos;López;Mixto;Platino;Nocturna/Débito;112583-9271
300;6/03/2024;Juan;Castro;Bebidas;Platino;Nocturna/Transferencia;81515-4669
301;5/03/2024;Juan;Castro;Bebidas;Platino;Diurna/Crédito;88418-6155
302;2/03/2024;Juan;Castro;Bebidas;VIP;Nocturna/Transferencia;59948-4899
303;1/03/2024;Pedro;Sánchez;Mixto;Libre;Diurna/Transferencia;137895-12671
304;4/03/2024;Pedro;Sánchez;Alimentos;Libre;Nocturna/Crédito;69148-5224
305;6/03/2024;Juan;Castro;Bebidas;VIP;Nocturna/Efectivo;75298-7583
306;7/03/2024;Carlos;López;Alimentos;Libre;Diurna/Efectivo;86875-10220
307;5/03/2024;Carlos;López;Mixto;Platino;Diurna/Débito;143404-19255
308;5/03/2024;Pedro;Sánchez;Bebidas;Platino;Diurna/Crédito;64099-4114
309;5/03/2024;Ana;Ruiz;Alimentos;Libre;Nocturna/Efectivo;75022-6829
310;2/03/2024;Ana;Ruiz;Alimentos;VIP;Diurna/Crédito;77461-4849
311;7/03/2024;Carlos;López;Mixto;Libre;Diurna/Crédito;73441-9877
312;4/03/2024;Juan;Castro;;;Nocturna/Débito;40284-4366
313;5/03/2024;Juan;Castro;;Platino;Nocturna/Débito;69831-7381
314;4/03/2024;Ana;Ruiz;alimentos;Libre;Diurna/Transferencia;130996-12002
315;9/03/2024;Carlos;López;Mixto;VIP;Diurna/Débito;90222-7101
316;5/03/2024;Juan;Castro;Alimentos;Platino;Diurna/Crédito;162879-19913
317;5/03/2024;Ana;Ruiz;Mixto;Platino;Diurna/Efectivo;138139-11757
318;3/03/2024;Ana;Ruiz;Alimentos;VIP;Nocturna/Débito;117342-16531
319;1/04/2024;Pedro;Sánchez;;Libre;Nocturna/Transferencia;65321-5507
320;1/04/2024;Ana;Ruiz;Alimentos;Libre;Diurna/Efectivo;63986-8483
321;1/04/2024;Pedro;Sánchez;Bebidas;Platino;Diurna/Crédito;87258-10906
322;9/04/2024;Juan;Castro;Bebidas;Libre;Diurna/Crédito;35868-5312
323;4/04/2024;juan;castro;Alimentos;Platino;Nocturna/Transferencia;123302-17659
324;9/04/2024;Juan;Castro;Bebidas;Platino;Diurna/Crédito;31809-1890
325;3/04/2024;Ana;Ruiz;Mixto;VIP;Nocturna/Transferencia;140959-8893
326;2/04/2024;Pedro;Sánchez;Alimentos;Platino;Diurna/Débito;120994-8035
327;8/04/2024;Pedro;Sánchez;Alimentos;Platino;Diurna/Efectivo;103531-12314
328;3/04/2024;Carlos;López;Bebidas;Platino;Diurna/Efectivo;86876-10135
329;0/04/2024;Carlos;López;Mixto;Platino;Nocturna/Efectivo;136698-12266
330;4/04/2024;JUAN;CASTRO;Mixto;Libre;Diurna/Crédito;110390-11983
331;1/04/2024;Juan;Castro;bebidas;VIP;Diurna/Crédito;34539-4113
332;9/04/2024;Juan;Castro;Alimentos;VIP;Nocturna/Efectivo;146911-17885
333;0/04/2024;Juan;Castro;Mixto;Libre;Nocturna/Efectivo;96742-13742
334;6/04/2024;Carlos;López;Mixto;VIP;Diurna/Efectivo;130295-14497
335;1/04/2024;Juan;Castro;Bebidas;Platino;Nocturna/Transferencia;38314-3063
336;3/04/2024;Ana;Ruiz;Alimentos;VIP;Nocturna/Efectivo;169361-14234
337;1/04/2024;Carlos;López;Alimentos;Libre;Diurna/Débito;141753-19159
338;8/04/2024;Juan;Castro;Alimentos;;Nocturna/Crédito;155752-19829
339;2/04/2024;Carlos;López;Bebidas;Platino;Nocturna/Efectivo;42542-2397
340;0/04/2024;Juan;Castro;Mixto;VIP;Diurna/Débito;123902-17708
341;8/04/2024;Pedro;Sánchez;Bebidas;;Nocturna/Transferencia;89456-6930
342;3/04/2024;Ana;Ruiz;Bebidas;VIP;Nocturna/Transferencia;86120-4710
343;6/04/2024;Juan;Castro;Mixto;Platino;Nocturna/Efectivo;130358-13284
344;6/04/2024;Juan;Castro;Alimentos;Libre;Diurna/Débito;119059-9825
345;5/04/2024;Ana;Ruiz;Alimentos;Platino;Diurna/Efectivo;145192-16499
346;2/04/2024;Pedro;Sánchez;Bebidas;VIP;Diurna/Transferencia;81064-8788
347;7/04/2024;Carlos;López;Bebidas;Platino;Diurna/Transferencia;89412-11948
348;9/04/2024;Carlos;López;Bebidas;;Nocturna/Crédito;32799-3113
349;2/04/2024;Carlos;López;Mixto;Libre;Nocturna/Transferencia;117190-13187
350;7/04/2024;Juan;Castro;Alimentos;Libre;Nocturna/Crédito;132626-17956
351;1/04/2024;Ana;Ruiz;mixto;Platino;Nocturna/Crédito;126334-12589
352;8/04/2024;Ana;Ruiz;Alimentos;Libre;Nocturna/Crédito;84053-12504
353;7/04/2024;Pedro;Sánchez;Bebidas;Libre;Diurna/Débito;35467-3937
354;8/04/2024;Ana;Ruiz;Mixto;VIP;Diurna/Transferencia;137977-13559
355;7/04/2024;Ana;Ruiz;Mixto;Platino;Diurna/Crédito;108377-10022
356;2/04/2024;Juan;Castro;Mixto;Platino;Diurna/Crédito;136158-9317
357;7/04/2024;Pedro;Sánchez;Alimentos;Platino;Nocturna/Transferencia;79064-7264
358;9/04/2024;Juan;Castro;Alimentos;Libre;Diurna/Efectivo;132073-16791
359;1/04/2024;Pedro;Sánchez;Mixto;Libre;Diurna/Efectivo;56781-5271
360;9/04/2024;Ana;Ruiz;Alimentos;Platino;Nocturna/Débito;127808-8365
361;0/04/2024;Juan;Castro;Mixto;Libre;Nocturna/Efectivo;126018-9110
362;1/04/2024;Carlos;López;Mixto;VIP;Nocturna/Transferencia;109799-11807
363;7/04/2024;Ana;Ruiz;bebidas;VIP;Nocturna/Transferencia;45336-2952
364;7/04/2024;Juan;Castro;Alimentos;Platino;Diurna/Crédito;68037-7028
365;5/04/2024;Carlos;López;Alimentos;Libre;Nocturna/Efectivo;131292-19041
366;1/04/2024;Juan;Castro;;Platino;Diurna/Transferencia;76322-8804
367;5/04/2024;Pedro;Sánchez;Bebidas;Platino;Diurna/Débito;57577-7937
368;6/04/2024;Ana;Ruiz;Bebidas;VIP;Nocturna/Efectivo;74951-3941
369;3/04/2024;JUAN;CASTRO;Bebidas;Libre;Nocturna/Crédito;47028-4612
370;4/04/2024;Juan;Castro;Mixto;VIP;Diurna/Transferencia;62738-5146
371;4/04/2024;Carlos;López;Alimentos;Libre;Diurna/Débito;178194-9966
372;0/04/2024;Juan;Castro;Mixto;VIP;Nocturna/Crédito;132321-10894
373;6/04/2024;Ana;Ruiz;Alimentos;VIP;Nocturna/Efectivo;70663-9893
374;7/04/2024;Juan;Castro;Bebidas;VIP;Nocturna/Débito;46951-5087
375;8/04/2024;Ana;Ruiz;Mixto;Libre;Nocturna/Transferencia;108825-14641
376;9/04/2024;Pedro;Sánchez;Alimentos;;Diurna/Transferencia;83029-8952
377;2/04/2024;Pedro;Sánchez;Alimentos;Libre;Diurna/Efectivo;125509-16528
378;1/04/2024;Carlos;López;bebidas;Libre;Diurna/Transferencia;65398-8454
379;0/04/2024;Juan;Castro;Mixto;VIP;Diurna/Transferencia;145112-19847
380;2/04/2024;Pedro;Sánchez;Alimentos;VIP;Diurna/Crédito;176265-21610
381;4/04/2024;Ana;Ruiz;Bebidas;VIP;Nocturna/Efectivo;34361-4292
382;7/04/2024;Ana;Ruiz;Mixto;Libre;Diurna/Débito;147212-13590
383;8/04/2024;Juan;Castro;Alimentos;VIP;Diurna/Transferencia;93895-8137
384;6/04/2024;Juan;Castro;Alimentos;Platino;Nocturna/Crédito;118883-10898
385;1/04/2024;MARIA;MARTINEZ;mixto;Platino;Nocturna/Débito;116681-9675
386;2/04/2024;Juan;Castro;Alimentos;VIP;Diurna/Efectivo;169896-15245
387;3/04/2024;Carlos;López;Mixto;Platino;Nocturna/Efectivo;81610-5299
388;8/04/2024;Juan;Castro;Bebidas;Libre;Nocturna/Crédito;42133-3960
389;5/04/2024;Pedro;Sánchez;Bebidas;Platino;Diurna/Transferencia;67007-3945
390;4/04/2024;Juan;Castro;Mixto;Libre;Nocturna/Efectivo;132839-9790
391;0/04/2024;Juan;Castro;Alimentos;Platino;Nocturna/Débito;178174-14203
392;6/04/2024;Juan;Castro;Bebidas;VIP;Diurna/Efectivo;58120-3836
393;8/04/2024;maria;martinez;Bebidas;Libre;Diurna/Efectivo;51654-3893
394;6/04/2024;maria;martinez;;Libre;Nocturna/Débito;67742-3825
395;3/04/2024;maria;martinez;Bebidas;Libre;Diurna/Efectivo;53865-6035
396;2/04/2024;Ana;Ruiz;Mixto;VIP;Nocturna/Transferencia;104759-12155
397;5/04/2024;Juan;Castro;Mixto;VIP;Nocturna/Crédito;51085-7537
398;5/04/2024;maria;martinez;Alimentos;Libre;Nocturna/Transferencia;98842-9190
399;5/05/2024;maria;martinez;Alimentos;;Nocturna/Crédito;173466-19109
400;1/05/2024;maria;martinez;Bebidas;VIP;Nocturna/Efectivo;79594-9773
401;9/05/2024;Juan;Castro;Mixto;Platino;Nocturna/Efectivo;59090-3391
402;8/05/2024;Juan;Castro;Bebidas;VIP;Diurna/Transferencia;62101-3177
403;6/05/2024;JUAN;CASTRO;Alimentos;Platino;Diurna/Débito;143238-9431
404;2/05/2024;Ana;Ruiz;Mixto;VIP;Diurna/Débito;95166-8545
405;0/05/2024;Ana;Ruiz;Mixto;Libre;Nocturna/Débito;73782-3785
406;8/05/2024;Carlos;López;Bebidas;VIP;Diurna/Transferencia;47751-6298
407;1/05/2024;maria;martinez;Alimentos;Libre;Diurna/Efectivo;84595-9025
408;7/05/2024;Juan;Castro;Alimentos;Platino;Nocturna/Débito;91961-10729
409;4/05/2024;Ana;Ruiz;alimentos;Libre;Nocturna/Crédito;177356-12727
410;7/05/2024;Ana;Ruiz;Mixto;VIP;Diurna/Débito;100368-12376
411;1/05/2024;Pedro;Sánchez;Alimentos;Platino;Diurna/Transferencia;68050-9525
412;1/05/2024;Pedro;Sánchez;Alimentos;Libre;Diurna/Crédito;100272-5966
413;7/05/2024;Juan;Castro;Mixto;Platino;Diurna/Débito;139068-11693
414;6/05/2024;Juan;Castro;Bebidas;Libre;Nocturna/Transferencia;65517-3975
415;9/05/2024;Juan;Castro;Bebidas;Libre;Diurna/Crédito;30935-3652
416;5/05/2024;Pedro;Sánchez;Bebidas;;Diurna/Efectivo;87424-8809
417;5/05/2024;juan;castro;Alimentos;Libre;Diurna/Débito;128490-16594
418;4/05/2024;Ana;Ruiz;mixto;Libre;Diurna/Débito;64160-3311
419;6/05/2024;Juan;Castro;Alimentos;VIP;Nocturna/Transferencia;74902-10252
420;8/05/2024;Carlos;López;Bebidas;Libre;Diurna/Débito;76676-5138
421;2/05/2024;Juan;Castro;Alimentos;Platino;Diurna/Débito;146437-15573
422;8/05/2024;Juan;Castro;Alimentos;VIP;Nocturna/Débito;136277-16354
423;2/05/2024;Pedro;Sánchez;Bebidas;Platino;Nocturna/Crédito;50431-6263
424;5/05/2024;juan;castro;Mixto;Platino;Diurna/Transferencia;50826-4541
425;9/05/2024;Ana;Ruiz;Alimentos;VIP;Nocturna/Débito;164336-18491
426;2/05/2024;Juan;Castro;alimentos;Libre;Nocturna/Débito;146205-15366
427;2/05/2024;Juan;Castro;Alimentos;Libre;Nocturna/Crédito;96350-9485
428;3/05/2024;juan;castro;Mixto;VIP;Nocturna/Transferencia;123530-15151
429;1/05/2024;Juan;Castro;Alimentos;Libre;Diurna/Transferencia;118805-16360
430;8/05/2024;Juan;Castro;Bebidas;VIP;Nocturna/Efectivo;87298-6713
431;0/05/2024;Ana;Ruiz;Mixto;Libre;Nocturna/Crédito;114931-16765
432;3/05/2024;Pedro;Sánchez;Bebidas;Libre;Diurna/Efectivo;82594-11925
433;5/05/2024;Ana;Ruiz;Bebidas;VIP;Nocturna/Crédito;56305-6205
434;7/05/2024;Pedro;Sánchez;Mixto;;Nocturna/Efectivo;90440-10345
435;8/05/2024;JUAN;CASTRO;Alimentos;Libre;Nocturna/Crédito;135153-14498
436;3/05/2024;Pedro;Sánchez;Bebidas;Platino;Diurna/Transferencia;32658-4512
437;2/05/2024;Ana;Ruiz;Alimentos;Libre;Diurna/Transferencia;76548-6165
438;1/05/2024;Carlos;López;Alimentos;VIP;Nocturna/Débito;88231-11541
439;1/05/2024;Pedro;Sánchez;Alimentos;Platino;Nocturna/Crédito;166541-12476
440;5/05/2024;Carlos;López;Alimentos;Platino;Nocturna/Crédito;161026-10200
441;8/05/2024;Carlos;López;Mixto;VIP;Diurna/Efectivo;102975-10946
442;5/05/2024;Pedro;Sánchez;;Platino;Nocturna/Débito;76716-7067
443;9/05/2024;Carlos;López;Alimentos;VIP;Diurna/Transferencia;102100-10123
444;6/05/2024;Pedro;Sánchez;Bebidas;Platino;Nocturna/Débito;42344-3330
445;0/05/2024;Ana;Ruiz;Alimentos;Libre;Diurna/Débito;141356-12492
446;1/05/2024;Juan;Castro;Bebidas;Libre;Nocturna/Crédito;76909-3972
447;2/05/2024;Pedro;Sánchez;Mixto;Libre;Diurna/Crédito;79894-6235
448;4/05/2024;Pedro;Sánchez;Mixto;VIP;Diurna/Crédito;60115-4941
449;4/05/2024;Pedro;Sánchez;Mixto;Libre;Nocturna/Débito;56861-6930
450;5/05/2024;Juan;Castro;Alimentos;Platino;Diurna/Efectivo;88269-7639
451;8/05/2024;Ana;Ruiz;Mixto;Platino;Diurna/Débito;105119-5514
452;8/05/2024;Pedro;Sánchez;Bebidas;VIP;Nocturna/Transferencia;77258-10461
453;8/05/2024;juan;castro;mixto;VIP;Nocturna/Crédito;146067-12234
454;9/05/2024;Carlos;López;Alimentos;Platino;Diurna/Crédito;74619-7475
455;1/05/2024;MARIA;MARTINEZ;Alimentos;VIP;Diurna/Efectivo;161732-10258
456;2/05/2024;Ana;Ruiz;Bebidas;Platino;Nocturna/Débito;40625-2484
457;6/05/2024;Carlos;López;Mixto;Platino;Nocturna/Crédito;53430-6676
458;6/05/2024;Ana;Ruiz;Mixto;Libre;Diurna/Efectivo;73699-5399
459;3/05/2024;Pedro;Sánchez;;Libre;Diurna/Efectivo;50546-5915
460;4/05/2024;Juan;Castro;Alimentos;VIP;Diurna/Efectivo;122980-17867
461;2/05/2024;Carlos;López;Mixto;Libre;Diurna/Transferencia;145822-14117
462;5/05/2024;Juan;Castro;Mixto;Platino;Diurna/Débito;109931-11772
463;2/05/2024;Pedro;Sánchez;Alimentos;Platino;Nocturna/Transferencia;172653-18481
464;9/05/2024;Ana;Ruiz;Alimentos;Platino;Diurna/Crédito;62496-6103
465;7/05/2024;Juan;Castro;Mixto;Libre;Diurna/Transferencia;68047-8401
466;7/05/2024;Juan;Castro;Mixto;VIP;Nocturna/Crédito;78193-6110
467;6/05/2024;juan;castro;;VIP;Nocturna/Efectivo;84618-8738
468;5/05/2024;Juan;Castro;Bebidas;VIP;Diurna/Efectivo;33245-3575
469;6/05/2024;maria;martinez;Mixto;Libre;Diurna/Débito;149847-9941
470;3/05/2024;Carlos;López;Alimentos;Libre;Diurna/Transferencia;163375-12152
471;5/05/2024;Juan;Castro;bebidas;Platino;Nocturna/Débito;39802-3600
472;0/05/2024;Juan;Castro;Bebidas;Libre;Diurna/Débito;32128-2778
473;5/05/2024;Juan;Castro;Bebidas;Libre;Diurna/Efectivo;78822-4643
474;6/05/2024;Pedro;Sánchez;Bebidas;VIP;Diurna/Efectivo;44735-4503
475;4/05/2024;Juan;Castro;Alimentos;;Diurna/Crédito;148558-18107
476;4/05/2024;Juan;Castro;Alimentos;Platino;Nocturna/Crédito;170182-24511
477;6/05/2024;MARIA;MARTINEZ;Bebidas;VIP;Nocturna/Efectivo;38443-3580
478;1/05/2024;Carlos;López;Bebidas;Platino;Nocturna/Débito;86948-6851
479;5/06/2024;Juan;Castro;Mixto;VIP;Nocturna/Crédito;103150-13555
480;1/06/2024;Juan;Castro;Mixto;Platino;Diurna/Débito;88074-5190
481;6/06/2024;Juan;Castro;Bebidas;Libre;Nocturna/Transferencia;34784-2184
482;4/06/2024;Pedro;Sánchez;mixto;VIP;Diurna/Débito;142314-10757
483;9/06/2024;Ana;Ruiz;Mixto;Platino;Diurna/Transferencia;57207-6159
484;8/06/2024;Juan;Castro;Bebidas;Platino;Nocturna/Débito;54351-3322
485;5/06/2024;Juan;Castro;Mixto;VIP;Nocturna/Efectivo;115045-13584
486;3/06/2024;Carlos;López;Bebidas;VIP;Diurna/Crédito;83384-5414
487;9/06/2024;Juan;Castro;Bebidas;VIP;Nocturna/Efectivo;69044-8741
488;7/06/2024;Ana;Ruiz;Alimentos;Libre;Nocturna/Efectivo;68858-6970
489;1/06/2024;Ana;Ruiz;Bebidas;Libre;Nocturna/Efectivo;44157-2801
490;3/06/2024;Juan;Castro;Bebidas;Platino;Diurna/Débito;64523-8270
491;8/06/2024;Carlos;López;Mixto;;Diurna/Efectivo;130277-18026
492;4/06/2024;Juan;Castro;Mixto;VIP;Nocturna/Transferencia;56725-3249
493;0/06/2024;Juan;Castro;Bebidas;;Nocturna/Débito;57730-6780
494;6/06/2024;Pedro;Sánchez;Alimentos;Platino;Nocturna/Transferencia;103771-7529
495;2/06/2024;Juan;Castro;Alimentos;Platino;Diurna/Débito;73939-10906
496;2/06/2024;Ana;Ruiz;Bebidas;Libre;Diurna/Efectivo;48896-2665
497;1/06/2024;Juan;Castro;Alimentos;Platino;Diurna/Crédito;142235-14204
498;4/06/2024;Ana;Ruiz;Bebidas;Libre;Diurna/Débito;49929-7459
499;2/06/2024;Ana;Ruiz;Mixto;Platino;Diurna/Débito;136159-18023
500;0/06/2024;Juan;Castro;Alimentos;Platino;Diurna/Efectivo;106579-15048
501;6/06/2024;Juan;Castro;Mixto;Libre;Nocturna/Efectivo;65076-5427
502;6/06/2024;Pedro;Sánchez;Alimentos;Platino;Diurna/Efectivo;71271-6157
503;3/06/2024;juan;castro;Alimentos;VIP;Diurna/Crédito;112428-10659
504;2/06/2024;Pedro;Sánchez;Alimentos;Platino;Nocturna/Efectivo;120269-11711
505;3/06/2024;Juan;Castro;;Libre;Diurna/Transferencia;30423-1707
506;0/06/2024;MARIA;MARTINEZ;;Platino;Nocturna/Crédito;53069-5169
507;4/06/2024;Juan;Castro;Mixto;VIP;Diurna/Crédito;52262-7519
508;9/06/2024;Juan;Castro;Mixto;Libre;Nocturna/Débito;73540-7764
509;1/06/2024;Juan;Castro;Bebidas;Libre;Nocturna/Transferencia;69359-9215
510;5/06/2024;Carlos;López;Mixto;VIP;Nocturna/Transferencia;117737-13005
511;9/06/2024;Pedro;Sánchez;Bebidas;Platino;Nocturna/Débito;86216-11982
512;6/06/2024;Pedro;Sánchez;Bebidas;VIP;Diurna/Efectivo;39275-4363
513;4/06/2024;Juan;Castro;;Platino;Nocturna/Débito;80191-6016
514;2/06/2024;Juan;Castro;Bebidas;Platino;Diurna/Transferencia;32106-1754
515;2/06/2024;Juan;Castro;Bebidas;Platino;Nocturna/Crédito;62122-7222
516;5/06/2024;Juan;Castro;Alimentos;Platino;Nocturna/Débito;94678-14062
517;1/06/2024;Carlos;López;Mixto;Libre;Diurna/Transferencia;76420-5503
518;3/06/2024;maria;martinez;Mixto;VIP;Nocturna/Débito;69052-7866
519;8/06/2024;Pedro;Sánchez;Mixto;VIP;Diurna/Crédito;145936-10875
520;0/06/2024;Juan;Castro;Alimentos;Libre;Diurna/Crédito;118895-14586
521;6/06/2024;Juan;Castro;Bebidas;VIP;Diurna/Débito;45464-2565
522;6/06/2024;Pedro;Sánchez;Bebidas;Libre;Nocturna/Crédito;86547-9076
523;3/06/2024;Pedro;Sánchez;alimentos;Platino;Nocturna/Transferencia;82316-10050
524;8/06/2024;Pedro;Sánchez;Bebidas;Libre;Diurna/Crédito;84551-10035
525;9/06/2024;Carlos;López;Alimentos;Libre;Nocturna/Efectivo;90074-5966
526;7/06/2024;Ana;Ruiz;Bebidas;Libre;Nocturna/Crédito;57638-4900
527;6/06/2024;Pedro;Sánchez;Bebidas;Libre;Diurna/Débito;33667-1920
528;5/06/2024;Pedro;Sánchez;Mixto;VIP;Nocturna/Efectivo;101147-14934
529;9/06/2024;Juan;Castro;Mixto;VIP;Nocturna/Transferencia;69476-5201
530;6/06/2024;Juan;Castro;alimentos;Platino;Nocturna/Transferencia;122887-13709
531;1/06/2024;Juan;Castro;;Libre;Diurna/Efectivo;95208-9198
532;5/06/2024;Carlos;López;Alimentos;Libre;Diurna/Crédito;92330-11362
533;6/06/2024;Ana;Ruiz;Bebidas;Platino;Diurna/Crédito;36592-5393
534;6/06/2024;Juan;Castro;Bebidas;Platino;Diurna/Crédito;76620-10340
535;4/06/2024;Pedro;Sánchez;Mixto;Platino;Diurna/Transferencia;126799-10722
536;2/06/2024;Ana;Ruiz;mixto;VIP;Diurna/Débito;54397-3074
537;3/06/2024;Ana;Ruiz;Alimentos;VIP;Diurna/Transferencia;73122-3905
538;4/06/2024;maria;martinez;Mixto;Platino;Diurna/Débito;101318-8786
539;4/06/2024;Ana;Ruiz;Bebidas;Platino;Diurna/Transferencia;53352-3926
540;5/06/2024;Juan;Castro;Alimentos;Libre;Nocturna/Débito;78619-5219
541;1/06/2024;Pedro;Sánchez;Bebidas;Libre;Nocturna/Débito;77145-6465
542;8/06/2024;Juan;Castro;alimentos;Libre;Nocturna/Efectivo;80032-7438
543;8/06/2024;Carlos;López;Bebidas;VIP;Nocturna/Crédito;42322-3419
544;2/06/2024;Juan;Castro;Alimentos;Libre;Nocturna/Crédito;72409-7948
545;8/06/2024;Juan;Castro;Alimentos;Platino;Nocturna/Crédito;92605-9626
546;1/06/2024;Juan;Castro;Bebidas;VIP;Diurna/Débito;72438-4451
547;3/06/2024;Ana;Ruiz;Alimentos;VIP;Diurna/Transferencia;139810-20279
548;4/06/2024;MARIA;MARTINEZ;Mixto;Platino;Diurna/Crédito;112090-7499
549;5/06/2024;Ana;Ruiz;Mixto;VIP;Nocturna/Transferencia;71501-4160
550;7/06/2024;Juan;Castro;Bebidas;Libre;Diurna/Crédito;30400-2906
551;1/06/2024;Carlos;López;;VIP;Diurna/Débito;98972-12847
552;6/06/2024;juan;castro;Mixto;Libre;Diurna/Débito;107660-15381
553;9/06/2024;Juan;Castro;Mixto;VIP;Diurna/Débito;129386-14272
554;9/06/2024;Juan;Castro;Mixto;Platino;Nocturna/Efectivo;116898-8322
555;1/06/2024;Pedro;Sánchez;Mixto;Platino;Diurna/Débito;137226-7082
556;4/06/2024;Pedro;Sánchez;;VIP;Diurna/Transferencia;91764-9710
557;3/06/2024;Juan;Castro;Mixto;VIP;Diurna/Crédito;109895-6377
558;6/06/2024;Juan;Castro;Alimentos;Libre;Diurna/Efectivo;75917-10729
559;5/07/2024;Carlos;López;Bebidas;Libre;Nocturna/Transferencia;30631-4176
560;2/07/2024;Pedro;Sánchez;Alimentos;Libre;Nocturna/Crédito;130561-7960
561;1/07/2024;Juan;Castro;Alimentos;Libre;Diurna/Transferencia;139493-8972
562;1/07/2024;Juan;Castro;Bebidas;Platino;Diurna/Efectivo;64064-4028
563;8/07/2024;Juan;Castro;Alimentos;Libre;Diurna/Débito;79333-7647
564;0/07/2024;Ana;Ruiz;Alimentos;VIP;Diurna/Efectivo;65969-8350
565;6/07/2024;maria;martinez;Alimentos;VIP;Nocturna/Crédito;100795-12890
566;3/07/2024;Ana;Ruiz;Bebidas;Libre;Nocturna/Débito;33613-4486
567;2/07/2024;Ana;Ruiz;alimentos;VIP;Nocturna/Transferencia;108718-15023
568;8/07/2024;Pedro;Sánchez;Bebidas;Platino;Diurna/Efectivo;66799-8611
569;9/07/2024;Ana;Ruiz;Mixto;VIP;Diurna/Crédito;115964-11365
570;7/07/2024;Carlos;López;mixto;VIP;Nocturna/Transferencia;139092-15641
571;8/07/2024;Carlos;López;Alimentos;VIP;Diurna/Transferencia;147084-20491
572;7/07/2024;Juan;Castro;Alimentos;VIP;Diurna/Crédito;148923-14893
573;5/07/2024;Juan;Castro;Mixto;Platino;Diurna/Crédito;88452-8946
574;3/07/2024;Juan;Castro;Bebidas;Platino;Diurna/Transferencia;88573-9675
575;2/07/2024;Carlos;López;Bebidas;Platino;Nocturna/Efectivo;68213-3694
576;1/07/2024;Juan;Castro;Alimentos;VIP;Diurna/Transferencia;72959-8255
577;5/07/2024;maria;martinez;Bebidas;Libre;Nocturna/Crédito;63688-3618
578;5/07/2024;Juan;Castro;Alimentos;VIP;Nocturna/Crédito;141773-21111
579;4/07/2024;Carlos;López;Alimentos;Libre;Diurna/Efectivo;141211-14540
580;1/07/2024;Ana;Ruiz;Mixto;Libre;Nocturna/Crédito;77148-5197
581;2/07/2024;Ana;Ruiz;Alimentos;Libre;Diurna/Transferencia;146998-13866
582;0/07/2024;Juan;Castro;Mixto;VIP;Diurna/Transferencia;90638-12760
583;1/07/2024;Ana;Ruiz;;Platino;Nocturna/Transferencia;77695-10601
584;8/07/2024;Juan;Castro;mixto;Libre;Nocturna/Crédito;146017-9984
585;7/07/2024;Juan;Castro;Mixto;Platino;Nocturna/Transferencia;123391-7347
586;9/07/2024;Carlos;López;Mixto;VIP;Nocturna/Efectivo;76322-9573
587;6/07/2024;maria;martinez;Mixto;Platino;Nocturna/Débito;56108-8188
588;2/07/2024;Juan;Castro;Alimentos;VIP;Nocturna/Transferencia;145510-9856
589;6/07/2024;Juan;Castro;Mixto;Libre;Nocturna/Crédito;147772-19726
590;4/07/2024;juan;castro;;VIP;Nocturna/Transferencia;146756-15314
591;5/07/2024;Ana;Ruiz;Mixto;Platino;Diurna/Crédito;127020-14352
592;4/07/2024;Juan;Castro;Alimentos;Libre;Diurna/Efectivo;134321-19638
593;6/07/2024;Juan;Castro;Alimentos;Libre;Nocturna/Débito;105802-15853
594;2/07/2024;maria;martinez;Bebidas;Libre;Nocturna/Efectivo;59926-6650
595;6/07/2024;maria;martinez;;VIP;Diurna/Transferencia;102318-6578
596;7/07/2024;Juan;Castro;Alimentos;VIP;Diurna/Transferencia;84737-6366
597;4/07/2024;Juan;Castro;Bebidas;Platino;Diurna/Efectivo;40757-5571
598;6/07/2024;Juan;Castro;Alimentos;VIP;Diurna/Débito;61021-4848
599;5/07/2024;Ana;Ruiz;Mixto;Libre;Diurna/Crédito;51497-2687
600;3/07/2024;Ana;Ruiz;Mixto;Platino;Diurna/Transferencia;135806-9281
601;7/07/2024;Juan;Castro;;VIP;Nocturna/Crédito;140181-7959
602;7/07/2024;Juan;Castro;Alimentos;Libre;Nocturna/Efectivo;148788-17513
603;8/07/2024;Ana;Ruiz;Bebidas;Platino;Nocturna/Crédito;68829-6203
604;1/07/2024;Carlos;López;Bebidas;VIP;Diurna/Débito;88843-7387
605;1/07/2024;Ana;Ruiz;Bebidas;VIP;Nocturna/Transferencia;86704-10881
606;3/07/2024;Ana;Ruiz;Bebidas;VIP;Nocturna/Débito;75056-8048
607;8/07/2024;Juan;Castro;Bebidas;Platino;Nocturna/Transferencia;52289-6377
608;6/07/2024;Ana;Ruiz;Mixto;Platino;Diurna/Débito;120818-13921
609;0/07/2024;Ana;Ruiz;Alimentos;Platino;Diurna/Crédito;98214-6642
610;6/07/2024;Juan;Castro;Mixto;;Diurna/Efectivo;106778-15419
611;0/07/2024;Ana;Ruiz;Mixto;Libre;Nocturna/Efectivo;80702-8835
612;2/07/2024;maria;martinez;Mixto;Platino;Nocturna/Crédito;54719-3516
613;3/07/2024;Ana;Ruiz;Bebidas;VIP;Nocturna/Efectivo;65917-9871
614;1/07/2024;Juan;Castro;Alimentos;Platino;Nocturna/Crédito;138251-17722
615;3/07/2024;Juan;Castro;Bebidas;Platino;Nocturna/Efectivo;75473-9288
616;0/07/2024;Juan;Castro;Bebidas;VIP;Nocturna/Crédito;43326-4040
617;4/07/2024;Juan;Castro;Alimentos;Libre;Nocturna/Efectivo;63918-9495
618;1/07/2024;Carlos;López;Bebidas;Libre;Diurna/Efectivo;66950-9791
619;2/07/2024;Carlos;López;Mixto;Libre;Nocturna/Efectivo;70675-9757
620;3/07/2024;Juan;Castro;Mixto;VIP;Diurna/Crédito;54572-7388
621;3/07/2024;juan;castro;Bebidas;VIP;Diurna/Efectivo;84567-11811
622;1/07/2024;Juan;Castro;bebidas;VIP;Diurna/Crédito;60396-4500
623;5/07/2024;Carlos;López;Mixto;Libre;Diurna/Transferencia;95990-8029
624;7/07/2024;Ana;Ruiz;Alimentos;Libre;Nocturna/Débito;166879-23625
625;9/07/2024;maria;martinez;Bebidas;Libre;Nocturna/Crédito;88652-8699
626;3/07/2024;Juan;Castro;Bebidas;VIP;Nocturna/Débito;80550-9191
627;8/07/2024;Juan;Castro;Mixto;Libre;Nocturna/Crédito;90524-5406
628;5/07/2024;Juan;Castro;;Platino;Diurna/Crédito;75310-6229
629;0/07/2024;maria;martinez;Alimentos;Platino;Nocturna/Efectivo;150989-21439
630;1/07/2024;maria;martinez;Alimentos;Platino;Diurna/Débito;73724-7780
631;5/07/2024;maria;martinez;Mixto;Libre;Nocturna/Crédito;89837-10885
632;0/07/2024;Juan;Castro;Mixto;VIP;Diurna/Transferencia;70238-3653
633;8/07/2024;maria;martinez;Alimentos;Libre;Diurna/Débito;170664-15094
634;1/07/2024;Ana;Ruiz;Mixto;Libre;Diurna/Transferencia;85941-11257
635;4/07/2024;Carlos;López;Alimentos;Platino;Diurna/Crédito;146191-11313
636;9/07/2024;Carlos;López;Alimentos;Libre;Nocturna/Débito;83344-9200
637;0/07/2024;Juan;Castro;Bebidas;Platino;Nocturna/Efectivo;47731-4693
638;4/07/2024;Juan;Castro;;Libre;Diurna/Crédito;73172-5272
639;3/08/2024;Juan;Castro;Bebidas;VIP;Nocturna/Transferencia;80251-9763
640;7/08/2024;Juan;Castro;Mixto;VIP;Diurna/Transferencia;81696-4300
641;6/08/2024;Pedro;Sánchez;Bebidas;VIP;Nocturna/Transferencia;65601-8673
642;5/08/2024;Pedro;Sánchez;Bebidas;Platino;Diurna/Débito;78306-4414
643;5/08/2024;Ana;Ruiz;Mixto;Libre;Nocturna/Efectivo;82732-5438
644;6/08/2024;Pedro;Sánchez;Bebidas;Platino;Nocturna/Transferencia;35331-3987
645;3/08/2024;Pedro;Sánchez;Alimentos;Libre;Diurna/Crédito;94336-11750
646;4/08/2024;Ana;Ruiz;Mixto;Libre;Nocturna/Efectivo;132397-9623
647;8/08/2024;Juan;Castro;Mixto;Platino;Nocturna/Transferencia;140809-20565
648;5/08/2024;Juan;Castro;Alimentos;Libre;Diurna/Efectivo;146069-21535
649;1/08/2024;Carlos;López;Alimentos;VIP;Diurna/Efectivo;148206-11839
650;0/08/2024;Carlos;López;Mixto;VIP;Nocturna/Crédito;79782-7811
651;6/08/2024;MARIA;MARTINEZ;Bebidas;Libre;Nocturna/Crédito;59177-3446
652;8/08/2024;Carlos;López;;Libre;Nocturna/Transferencia;106538-5782
653;9/08/2024;Ana;Ruiz;Mixto;Libre;Diurna/Crédito;57937-5936
654;5/08/2024;Pedro;Sánchez;Bebidas;Platino;Diurna/Crédito;64005-7016
655;4/08/2024;Juan;Castro;Alimentos;VIP;Nocturna/Transferencia;88075-7473
656;7/08/2024;Pedro;Sánchez;Mixto;VIP;Nocturna/Transferencia;112752-15803
657;7/08/2024;Carlos;López;Bebidas;VIP;Nocturna/Efectivo;85009-10205
658;9/08/2024;Juan;Castro;Mixto;Libre;Nocturna/Efectivo;62910-5835
659;5/08/2024;Carlos;López;Alimentos;Platino;Nocturna/Efectivo;158238-12703
660;5/08/2024;Carlos;López;Bebidas;VIP;Nocturna/Efectivo;71826-10465
661;8/08/2024;Pedro;Sánchez;Alimentos;Libre;Diurna/Crédito;143893-9486
662;3/08/2024;Juan;Castro;Mixto;VIP;Diurna/Efectivo;67645-8503
663;4/08/2024;Pedro;Sánchez;Alimentos;;Nocturna/Transferencia;134260-9495
664;1/08/2024;Ana;Ruiz;Mixto;Libre;Nocturna/Transferencia;91414-5126
665;4/08/2024;Carlos;López;Bebidas;Libre;Diurna/Efectivo;76806-10247
666;5/08/2024;Ana;Ruiz;Mixto;VIP;Nocturna/Crédito;84117-12075
667;2/08/2024;Juan;Castro;Mixto;Platino;Diurna/Efectivo;145475-9035
668;7/08/2024;Juan;Castro;Alimentos;Libre;Nocturna/Efectivo;134023-12842
669;2/08/2024;Ana;Ruiz;Mixto;VIP;Nocturna/Transferencia;55679-3301
670;2/08/2024;Pedro;Sánchez;bebidas;Platino;Nocturna/Transferencia;67699-5056
671;9/08/2024;Ana;Ruiz;Alimentos;Libre;Diurna/Débito;65064-3976
672;5/08/2024;Pedro;Sánchez;;VIP;Nocturna/Efectivo;88578-4836
673;4/08/2024;juan;castro;Bebidas;Platino;Diurna/Transferencia;49063-3859
674;6/08/2024;Ana;Ruiz;Mixto;VIP;Nocturna/Crédito;121153-13722
675;5/08/2024;Pedro;Sánchez;Alimentos;Libre;Nocturna/Transferencia;129933-15490
676;8/08/2024;Carlos;López;Bebidas;Libre;Nocturna/Efectivo;70715-4917
677;8/08/2024;Juan;Castro;;VIP;Diurna/Crédito;81373-7722
678;0/08/2024;Pedro;Sánchez;Bebidas;Platino;Nocturna/Débito;37466-4582
679;8/08/2024;Pedro;Sánchez;Bebidas;Libre;Nocturna/Transferencia;67746-5400
680;6/08/2024;Juan;Castro;Mixto;Platino;Nocturna/Crédito;108728-12195
681;1/08/2024;Ana;Ruiz;Alimentos;Libre;Diurna/Transferencia;161460-15762
682;2/08/2024;Ana;Ruiz;Mixto;VIP;Nocturna/Crédito;119196-11098
683;8/08/2024;Juan;Castro;Alimentos;Platino;Diurna/Débito;167927-23179
684;5/08/2024;Juan;Castro;Mixto;Libre;Diurna/Efectivo;143853-16651
685;6/08/2024;Carlos;López;Mixto;Libre;Diurna/Débito;68432-6215
686;0/08/2024;Juan;Castro;Mixto;Platino;Nocturna/Débito;86472-12793
687;8/08/2024;Juan;Castro;Alimentos;;Diurna/Débito;84980-9725
688;6/08/2024;Ana;Ruiz;Alimentos;VIP;Nocturna/Transferencia;160994-15662
689;3/08/2024;Carlos;López;Mixto;Libre;Diurna/Débito;81991-6510
690;4/08/2024;Carlos;López;bebidas;Platino;Nocturna/Débito;63149-9257
691;2/08/2024;Pedro;Sánchez;Bebidas;VIP;Nocturna/Efectivo;53758-6826
692;7/08/2024;Pedro;Sánchez;Mixto;Libre;Diurna/Transferencia;51183-7151
693;3/08/2024;Pedro;Sánchez;Mixto;Platino;Diurna/Débito;96926-9031
694;1/08/2024;Pedro;Sánchez;Bebidas;Platino;Nocturna/Crédito;73956-9253
695;5/08/2024;Juan;Castro;bebidas;Libre;Nocturna/Efectivo;42046-2868
696;1/08/2024;Juan;Castro;Mixto;VIP;Nocturna/Crédito;63075-5052
697;6/08/2024;Juan;Castro;Mixto;Platino;Diurna/Transferencia;63947-8517
698;0/08/2024;Carlos;López;Mixto;VIP;Diurna/Efectivo;88472-6771
699;0/08/2024;Ana;Ruiz;Alimentos;Platino;Diurna/Efectivo;130107-10507
700;3/08/2024;Juan;Castro;Alimentos;Platino;Nocturna/Débito;62939-5093
701;9/08/2024;Carlos;López;Bebidas;VIP;Nocturna/Transferencia;67777-7059
702;1/08/2024;Juan;Castro;Alimentos;VIP;Diurna/Efectivo;73992-5377
703;6/08/2024;Ana;Ruiz;Alimentos;Platino;Nocturna/Débito;163954-15805
704;5/08/2024;Pedro;Sánchez;Mixto;Platino;Nocturna/Crédito;146521-14237
705;7/08/2024;Carlos;López;Mixto;Platino;Nocturna/Transferencia;123762-13320
706;7/08/2024;Juan;Castro;Bebidas;VIP;Diurna/Débito;43921-5835
707;7/08/2024;Ana;Ruiz;Alimentos;VIP;Nocturna/Débito;80451-10572
708;8/08/2024;Ana;Ruiz;mixto;Platino;Nocturna/Transferencia;130707-18591
709;8/08/2024;Juan;Castro;Mixto;VIP;Diurna/Débito;139645-12667
710;9/08/2024;Juan;Castro;Alimentos;Libre;Nocturna/Crédito;70986-6044
711;7/08/2024;Juan;Castro;Mixto;VIP;Nocturna/Crédito;69674-4417
712;5/08/2024;juan;castro;;Platino;Diurna/Efectivo;84079-6681
713;1/08/2024;Carlos;López;Bebidas;Libre;Nocturna/Efectivo;80896-6623
714;1/08/2024;Juan;Castro;Alimentos;VIP;Nocturna/Efectivo;153743-20320
715;3/08/2024;Pedro;Sánchez;Alimentos;Libre;Nocturna/Débito;120931-8060
716;0/08/2024;Carlos;López;Bebidas;VIP;Nocturna/Transferencia;33276-3446
717;4/08/2024;Juan;Castro;Alimentos;VIP;Diurna/Efectivo;93169-8194
718;1/08/2024;Ana;Ruiz;Bebidas;VIP;Diurna/Crédito;77124-11183
719;9/09/2024;Pedro;Sánchez;Mixto;Libre;Nocturna/Débito;122056-17650
720;7/09/2024;Juan;Castro;Alimentos;Libre;Diurna/Transferencia;139369-20150
721;6/09/2024;Juan;Castro;Mixto;Platino;Diurna/Débito;63899-4179
722;6/09/2024;Ana;Ruiz;Mixto;Platino;Nocturna/Transferencia;50779-5940
723;9/09/2024;Ana;Ruiz;Mixto;VIP;Diurna/Crédito;119191-6903
724;8/09/2024;Ana;Ruiz;Mixto;Platino;Nocturna/Crédito;61802-8335
725;0/09/2024;Carlos;López;Bebidas;VIP;Nocturna/Transferencia;69759-8405
726;6/09/2024;Ana;Ruiz;Alimentos;Libre;Nocturna/Transferencia;117367-16110
727;7/09/2024;MARIA;MARTINEZ;Mixto;VIP;Diurna/Crédito;106968-13911
728;2/09/2024;Pedro;Sánchez;Bebidas;;Diurna/Efectivo;31871-4287
729;1/09/2024;Pedro;Sánchez;Mixto;VIP;Nocturna/Efectivo;81328-5114
730;8/09/2024;Ana;Ruiz;Mixto;Platino;Diurna/Crédito;81561-6952
731;1/09/2024;Ana;Ruiz;bebidas;Platino;Diurna/Transferencia;34409-3416
732;3/09/2024;Pedro;Sánchez;Alimentos;Platino;Nocturna/Débito;120112-14979
733;1/09/2024;Juan;Castro;Bebidas;VIP;Diurna/Débito;60005-7404
734;5/09/2024;Juan;Castro;Alimentos;Libre;Nocturna/Crédito;157535-13113
735;4/09/2024;Juan;Castro;Alimentos;Libre;Diurna/Débito;144117-18220
736;1/09/2024;Carlos;López;Mixto;Libre;Nocturna/Transferencia;69733-6988
737;9/09/2024;Carlos;López;;Libre;Nocturna/Efectivo;66011-4124
738;3/09/2024;Carlos;López;Bebidas;Libre;Diurna/Transferencia;51066-7119
739;2/09/2024;Juan;Castro;Mixto;Platino;Diurna/Crédito;76662-5735
740;7/09/2024;Ana;Ruiz;Bebidas;Libre;Diurna/Débito;88780-8188
741;3/09/2024;Juan;Castro;Alimentos;Libre;Nocturna/Efectivo;102164-12830
742;8/09/2024;Ana;Ruiz;Bebidas;VIP;Nocturna/Transferencia;36271-3503
743;7/09/2024;Juan;Castro;Alimentos;VIP;Nocturna/Efectivo;77758-6911
744;8/09/2024;Juan;Castro;Mixto;VIP;Nocturna/Transferencia;61045-7179
745;8/09/2024;Juan;Castro;Alimentos;VIP;Nocturna/Débito;75260-10564
746;3/09/2024;Juan;Castro;Bebidas;Platino;Diurna/Débito;70263-6287
747;6/09/2024;Juan;Castro;Mixto;Platino;Diurna/Crédito;75758-8759
748;3/09/2024;Pedro;Sánchez;Mixto;VIP;Diurna/Débito;73839-4353
749;5/09/2024;Ana;Ruiz;Alimentos;VIP;Diurna/Crédito;122966-13587
750;4/09/2024;juan;castro;;Libre;Diurna/Efectivo;67563-8645
751;3/09/2024;Ana;Ruiz;;VIP;Nocturna/Transferencia;40370-5000
752;5/09/2024;Pedro;Sánchez;Alimentos;;Diurna/Crédito;165337-24458
753;7/09/2024;Ana;Ruiz;Alimentos;Libre;Nocturna/Efectivo;130498-12471
754;1/09/2024;Carlos;López;Bebidas;Libre;Diurna/Efectivo;88645-9281
755;2/09/2024;Juan;Castro;Mixto;Platino;Diurna/Crédito;114390-15074
756;5/09/2024;Juan;Castro;Mixto;Libre;Nocturna/Débito;127560-10336
757;5/09/2024;Ana;Ruiz;Mixto;Libre;Diurna/Efectivo;63359-3757
758;8/09/2024;Pedro;Sánchez;Bebidas;Libre;Nocturna/Transferencia;86729-10671
759;3/09/2024;juan;castro;Alimentos;Platino;Nocturna/Efectivo;121063-11993
760;6/09/2024;Pedro;Sánchez;Bebidas;Libre;Diurna/Débito;58788-6584
761;9/09/2024;Pedro;Sánchez;Alimentos;Libre;Nocturna/Débito;169608-19936
762;1/09/2024;Ana;Ruiz;Alimentos;VIP;Nocturna/Efectivo;118435-8704
763;1/09/2024;Carlos;López;Mixto;VIP;Nocturna/Débito;60345-5400
764;4/09/2024;Juan;Castro;Bebidas;Platino;Nocturna/Débito;70999-3903
765;7/09/2024;Juan;Castro;Mixto;Libre;Diurna/Débito;86051-4707
766;7/09/2024;Ana;Ruiz;mixto;Platino;Diurna/Crédito;76681-9418
767;4/09/2024;Pedro;Sánchez;Mixto;Libre;Diurna/Efectivo;104205-6708
768;2/09/2024;Juan;Castro;Alimentos;VIP;Diurna/Débito;143410-17955
769;2/09/2024;Juan;Castro;Bebidas;Platino;Nocturna/Débito;85187-7250
770;1/09/2024;Carlos;López;Mixto;Platino;Nocturna/Efectivo;63787-6025
771;3/09/2024;Juan;Castro;Bebidas;VIP;Nocturna/Débito;47020-6585
772;5/09/2024;Juan;Castro;Mixto;VIP;Diurna/Débito;126600-18385
773;1/09/2024;Pedro;Sánchez;Bebidas;Libre;Nocturna/Débito;71066-5599
774;3/09/2024;Carlos;López;Bebidas;VIP;Nocturna/Crédito;70605-8534
775;3/09/2024;Carlos;López;Mixto;Platino;Nocturna/Crédito;129209-16096
776;2/09/2024;Juan;Castro;Mixto;VIP;Diurna/Débito;147918-18485
777;3/09/2024;Juan;Castro;Mixto;Platino;Nocturna/Crédito;141519-11946
778;4/09/2024;Juan;Castro;Alimentos;VIP;Nocturna/Transferencia;125754-9624
779;1/09/2024;Pedro;Sánchez;Alimentos;VIP;Diurna/Efectivo;129398-10773
780;2/09/2024;Carlos;López;Bebidas;;Nocturna/Efectivo;82980-8162
781;3/09/2024;Pedro;Sánchez;Mixto;Libre;Diurna/Débito;71485-10545
782;3/09/2024;Juan;Castro;Alimentos;VIP;Nocturna/Efectivo;100714-8011
783;3/09/2024;Ana;Ruiz;Mixto;Libre;Nocturna/Crédito;102055-14688
784;7/09/2024;Ana;Ruiz;Bebidas;Libre;Nocturna/Débito;35110-2584
785;7/09/2024;Ana;Ruiz;Alimentos;Platino;Diurna/Débito;96545-6839
786;3/09/2024;Ana;Ruiz;Mixto;VIP;Diurna/Débito;110382-11424
787;6/09/2024;Juan;Castro;Bebidas;VIP;Diurna/Débito;50257-5564
788;4/09/2024;Juan;Castro;Mixto;Platino;Nocturna/Débito;87335-13089
789;1/09/2024;Ana;Ruiz;Alimentos;Libre;Diurna/Transferencia;74622-6060
790;1/09/2024;Ana;Ruiz;Alimentos;Platino;Nocturna/Efectivo;161880-9136
791;7/09/2024;Pedro;Sánchez;Bebidas;Libre;Nocturna/Efectivo;81013-6488
792;4/09/2024;Ana;Ruiz;Bebidas;Platino;Nocturna/Crédito;78597-7707
793;3/09/2024;Ana;Ruiz;Bebidas;Libre;Nocturna/Transferencia;36409-3561
794;3/09/2024;Pedro;Sánchez;Bebidas;Libre;Nocturna/Efectivo;50282-3586
795;6/09/2024;Juan;Castro;Bebidas;;Nocturna/Efectivo;79682-8094
796;8/09/2024;Juan;Castro;Mixto;Platino;Nocturna/Crédito;117293-10846
797;1/09/2024;Juan;Castro;Alimentos;Platino;Nocturna/Transferencia;177207-24310
798;3/09/2024;Juan;Castro;Bebidas;Platino;Nocturna/Transferencia;63922-7170
799;6/10/2024;Carlos;López;Mixto;Platino;Nocturna/Débito;105572-9285
800;5/10/2024;Carlos;López;Bebidas;Libre;Nocturna/Efectivo;52782-3238
801;4/10/2024;Pedro;Sánchez;Mixto;VIP;Diurna/Efectivo;134373-17551
802;2/10/2024;Ana;Ruiz;Bebidas;VIP;Nocturna/Débito;83427-11173
803;5/10/2024;Juan;Castro;Bebidas;VIP;Diurna/Transferencia;37484-2470
804;5/10/2024;Ana;Ruiz;Bebidas;Platino;Nocturna/Crédito;36509-2222
805;2/10/2024;Pedro;Sánchez;Mixto;Platino;Nocturna/Crédito;98042-7446
806;8/10/2024;Carlos;López;Mixto;Libre;Nocturna/Crédito;118902-15960
807;7/10/2024;Carlos;López;Bebidas;Libre;Diurna/Débito;46304-3113
808;9/10/2024;Ana;Ruiz;mixto;VIP;Nocturna/Transferencia;64954-6641
809;3/10/2024;Ana;Ruiz;Mixto;Libre;Nocturna/Efectivo;141496-9977
810;4/10/2024;Juan;Castro;bebidas;VIP;Nocturna/Transferencia;78086-8478
811;4/10/2024;Juan;Castro;Mixto;Platino;Nocturna/Crédito;62367-5561
812;4/10/2024;Ana;Ruiz;Bebidas;Libre;Diurna/Crédito;57189-7745
813;6/10/2024;Carlos;López;Alimentos;Libre;Nocturna/Débito;137782-12761
814;4/10/2024;Ana;Ruiz;Mixto;Platino;Diurna/Transferencia;56329-7380
815;9/10/2024;Juan;Castro;Bebidas;Platino;Nocturna/Efectivo;35236-4489
816;7/10/2024;Juan;Castro;Mixto;VIP;Nocturna/Efectivo;136869-10998
817;5/10/2024;Ana;Ruiz;Alimentos;VIP;Nocturna/Efectivo;94179-5921
818;4/10/2024;Ana;Ruiz;Mixto;VIP;Nocturna/Efectivo;69642-10025
819;4/10/2024;Carlos;López;Bebidas;VIP;Nocturna/Crédito;89772-5896
820;3/10/2024;Pedro;Sánchez;Mixto;Platino;Diurna/Transferencia;132305-19460
821;0/10/2024;Ana;Ruiz;Alimentos;Libre;Diurna/Débito;146410-9604
822;2/10/2024;Pedro;Sánchez;Bebidas;Libre;Nocturna/Efectivo;37019-2201
823;6/10/2024;Ana;Ruiz;Alimentos;Platino;Diurna/Crédito;119551-11745
824;5/10/2024;Juan;Castro;Mixto;Platino;Diurna/Efectivo;96099-7218
825;1/10/2024;Pedro;Sánchez;Bebidas;Platino;Nocturna/Débito;34155-2213
826;0/10/2024;Ana;Ruiz;Alimentos;Libre;Nocturna/Transferencia;126131-18136
827;7/10/2024;Pedro;Sánchez;Mixto;Libre;Diurna/Efectivo;124900-10366
828;2/10/2024;Ana;Ruiz;Alimentos;VIP;Diurna/Efectivo;76163-4478
829;5/10/2024;Carlos;López;Mixto;Platino;Nocturna/Efectivo;139303-12613
830;2/10/2024;Juan;Castro;Mixto;Platino;Nocturna/Crédito;74219-10670
831;2/10/2024;Carlos;López;Bebidas;Platino;Diurna/Transferencia;51488-3118
832;4/10/2024;Pedro;Sánchez;Bebidas;Libre;Diurna/Crédito;36455-4217
833;6/10/2024;Juan;Castro;Alimentos;Platino;Nocturna/Efectivo;100680-7085
834;0/10/2024;Carlos;López;Bebidas;VIP;Diurna/Crédito;81877-12136
835;4/10/2024;Ana;Ruiz;;VIP;Diurna/Efectivo;137109-19605
836;1/10/2024;Carlos;López;Mixto;VIP;Diurna/Débito;137394-14905
837;8/10/2024;Pedro;Sánchez;Mixto;Platino;Nocturna/Transferencia;148657-15783
838;4/10/2024;Carlos;López;Alimentos;Libre;Nocturna/Débito;81580-10572
839;5/10/2024;Ana;Ruiz;Alimentos;VIP;Nocturna/Débito;75682-4401
840;7/10/2024;Juan;Castro;Mixto;Platino;Nocturna/Débito;146711-17503
841;7/10/2024;Juan;Castro;Mixto;Libre;Diurna/Transferencia;114868-17204
842;8/10/2024;Ana;Ruiz;Bebidas;VIP;Diurna/Crédito;41991-6087
843;4/10/2024;Juan;Castro;Alimentos;Platino;Diurna/Débito;133836-10082
844;2/10/2024;Juan;Castro;Alimentos;Libre;Nocturna/Transferencia;120851-11857
845;9/10/2024;maria;martinez;Mixto;VIP;Nocturna/Débito;83330-9374
846;7/10/2024;Juan;Castro;Alimentos;Libre;Nocturna/Efectivo;178263-9366
847;8/10/2024;Juan;Castro;;Platino;Diurna/Transferencia;82995-10327
848;1/10/2024;Juan;Castro;Alimentos;;Diurna/Crédito;121888-12749
849;8/10/2024;Pedro;Sánchez;Bebidas;Libre;Nocturna/Crédito;70938-6027
850;6/10/2024;Carlos;López;Mixto;Platino;Nocturna/Transferencia;87261-4456
851;1/10/2024;Juan;Castro;Mixto;Libre;Diurna/Débito;96430-6690
852;4/10/2024;Carlos;López;Bebidas;Libre;Diurna/Transferencia;62712-8526
853;8/10/2024;Juan;Castro;Bebidas;Libre;Nocturna/Transferencia;82921-9352
854;7/10/2024;Ana;Ruiz;Bebidas;Libre;Nocturna/Transferencia;87099-8499
855;3/10/2024;Juan;Castro;Bebidas;Libre;Diurna/Efectivo;63066-5723
856;4/10/2024;Ana;Ruiz;Mixto;Platino;Diurna/Débito;132217-15978
857;5/10/2024;Ana;Ruiz;;Platino;Nocturna/Transferencia;124794-18504
858;2/10/2024;Ana;Ruiz;Mixto;VIP;Nocturna/Débito;52736-2956
859;6/10/2024;Ana;Ruiz;Mixto;Libre;Nocturna/Efectivo;72340-7464
860;8/10/2024;Pedro;Sánchez;Alimentos;Platino;Diurna/Débito;124122-11915
861;5/10/2024;Ana;Ruiz;Bebidas;Libre;Nocturna/Débito;45901-4552
862;9/10/2024;Carlos;López;Bebidas;Libre;Diurna/Crédito;65153-7172
863;1/10/2024;Ana;Ruiz;Bebidas;VIP;Nocturna/Efectivo;83873-5549
864;3/10/2024;Juan;Castro;Bebidas;Libre;Nocturna/Efectivo;66816-7771
865;4/10/2024;Ana;Ruiz;Bebidas;Platino;Nocturna/Crédito;39842-2042
866;3/10/2024;Pedro;Sánchez;Mixto;VIP;Nocturna/Débito;93788-5004
867;4/10/2024;Carlos;López;Alimentos;Libre;Diurna/Débito;107522-12821
868;0/10/2024;Ana;Ruiz;Alimentos;VIP;Nocturna/Transferencia;164289-15926
869;1/10/2024;Carlos;López;Alimentos;Libre;Nocturna/Crédito;71901-9882
870;7/10/2024;Carlos;López;Mixto;Platino;Diurna/Transferencia;75313-4253
871;5/10/2024;Ana;Ruiz;Bebidas;Platino;Nocturna/Efectivo;74118-10879
872;9/10/2024;Ana;Ruiz;Mixto;Libre;Nocturna/Débito;109805-16286
873;1/10/2024;Juan;Castro;Bebidas;Libre;Diurna/Efectivo;87616-6938
874;2/10/2024;Pedro;Sánchez;Bebidas;Platino;Nocturna/Débito;59066-6071
875;6/10/2024;Carlos;López;Alimentos;Platino;Diurna/Efectivo;153521-10317
876;1/10/2024;Carlos;López;Mixto;Libre;Diurna/Crédito;108003-14068
877;0/10/2024;Juan;Castro;Bebidas;VIP;Nocturna/Débito;76743-5062
878;7/10/2024;Juan;Castro;Bebidas;VIP;Diurna/Débito;66354-6462
879;3/11/2024;Juan;Castro;Bebidas;Platino;Nocturna/Crédito;87510-7208
880;8/11/2024;Ana;Ruiz;Mixto;Libre;Nocturna/Débito;77470-7048
881;7/11/2024;Ana;Ruiz;Mixto;VIP;Diurna/Efectivo;122226-9374
882;2/11/2024;Juan;Castro;Alimentos;VIP;Nocturna/Transferencia;87241-9369
883;8/11/2024;Ana;Ruiz;Bebidas;Libre;Nocturna/Débito;36754-4368
884;6/11/2024;Juan;Castro;Mixto;VIP;Nocturna/Transferencia;88996-10029
885;8/11/2024;Carlos;López;Mixto;;Diurna/Transferencia;77929-4685
886;5/11/2024;Juan;Castro;Mixto;VIP;Diurna/Débito;133266-16985
887;5/11/2024;Juan;Castro;Alimentos;Libre;Nocturna/Débito;161749-14770
888;2/11/2024;Ana;Ruiz;Alimentos;Platino;Diurna/Débito;127385-15361
889;7/11/2024;Pedro;Sánchez;Mixto;VIP;Nocturna/Crédito;91413-10160
890;5/11/2024;maria;martinez;Bebidas;VIP;Nocturna/Transferencia;63377-6942
891;6/11/2024;Ana;Ruiz;Bebidas;Libre;Nocturna/Débito;71816-5846
892;7/11/2024;Ana;Ruiz;Bebidas;Libre;Nocturna/Transferencia;67847-8020
893;7/11/2024;Carlos;López;Mixto;VIP;Diurna/Débito;62675-3331
894;2/11/2024;Juan;Castro;Mixto;Platino;Nocturna/Transferencia;102668-13741
895;4/11/2024;Ana;Ruiz;Bebidas;Libre;Nocturna/Débito;88461-9652
896;3/11/2024;Ana;Ruiz;Bebidas;VIP;Diurna/Crédito;86782-7146
897;7/11/2024;Ana;Ruiz;Mixto;Libre;Diurna/Transferencia;76745-11340
898;3/11/2024;Carlos;López;Bebidas;VIP;Diurna/Débito;52186-5386
899;2/11/2024;Juan;Castro;Alimentos;Libre;Nocturna/Débito;109989-7464
900;1/11/2024;Juan;Castro;Bebidas;Libre;Nocturna/Transferencia;40819-3000
901;0/11/2024;Juan;Castro;Mixto;Platino;Nocturna/Débito;111909-6360
902;9/11/2024;Carlos;López;Mixto;Platino;Diurna/Transferencia;94578-8624
903;9/11/2024;Juan;Castro;Mixto;VIP;Diurna/Transferencia;121290-7080
904;0/11/2024;Juan;Castro;Alimentos;VIP;Diurna/Transferencia;150251-13033
905;7/11/2024;Carlos;López;Alimentos;;Diurna/Transferencia;70039-8301
906;2/11/2024;Pedro;Sánchez;Mixto;VIP;Nocturna/Crédito;122571-7548
907;2/11/2024;Ana;Ruiz;Mixto;Libre;Nocturna/Débito;114435-12632
908;4/11/2024;Carlos;López;Alimentos;Libre;Diurna/Débito;116826-8103
909;1/11/2024;Pedro;Sánchez;Mixto;Libre;Diurna/Transferencia;65548-3710
910;1/11/2024;Carlos;López;Bebidas;VIP;Nocturna/Débito;67203-9586
911;2/11/2024;Juan;Castro;Bebidas;Libre;Diurna/Efectivo;48177-5919
912;6/11/2024;Juan;Castro;Bebidas;Libre;Diurna/Débito;59081-6965
913;8/11/2024;Pedro;Sánchez;Bebidas;Libre;Nocturna/Débito;35561-3995
914;4/11/2024;Juan;Castro;Mixto;Platino;Nocturna/Efectivo;129956-8516
915;6/11/2024;Carlos;López;Bebidas;Libre;Nocturna/Transferencia;32626-2163
916;2/11/2024;Juan;Castro;Bebidas;Platino;Diurna/Crédito;79236-6074
917;7/11/2024;Carlos;López;Bebidas;Platino;Nocturna/Débito;36817-5323
918;7/11/2024;maria;martinez;Bebidas;Libre;Diurna/Efectivo;55611-4769
919;6/11/2024;Juan;Castro;Bebidas;Platino;Diurna/Efectivo;58727-7836
920;4/11/2024;Juan;Castro;Mixto;Libre;Diurna/Débito;108975-10869
921;0/11/2024;Pedro;Sánchez;Bebidas;Libre;Diurna/Efectivo;72000-8295
922;1/11/2024;Ana;Ruiz;;;Diurna/Transferencia;147223-10768
923;7/11/2024;Juan;Castro;Mixto;VIP;Diurna/Transferencia;144268-17688
924;0/11/2024;Pedro;Sánchez;Bebidas;VIP;Diurna/Efectivo;57123-4326
925;0/11/2024;Carlos;López;Alimentos;;Diurna/Crédito;174849-24158
926;5/11/2024;Carlos;López;Mixto;Platino;Diurna/Crédito;105541-8118
927;6/11/2024;Pedro;Sánchez;Bebidas;Platino;Nocturna/Efectivo;67494-4919
928;4/11/2024;Pedro;Sánchez;Mixto;Libre;Nocturna/Débito;64125-3362
929;2/11/2024;Pedro;Sánchez;bebidas;Libre;Nocturna/Transferencia;73548-8445
930;4/11/2024;Carlos;López;Bebidas;VIP;Diurna/Débito;77334-9697
931;2/11/2024;Juan;Castro;Mixto;Libre;Diurna/Crédito;120264-6274
932;1/11/2024;Carlos;López;Mixto;VIP;Diurna/Crédito;79926-9250
933;9/11/2024;Juan;Castro;Alimentos;Platino;Diurna/Efectivo;63623-7547
934;4/11/2024;Pedro;Sánchez;Bebidas;Libre;Diurna/Débito;65966-5158
935;3/11/2024;Pedro;Sánchez;Mixto;VIP;Diurna/Transferencia;109013-11538
936;0/11/2024;Juan;Castro;Alimentos;VIP;Nocturna/Efectivo;135655-10297
937;4/11/2024;Pedro;Sánchez;Mixto;Libre;Diurna/Efectivo;118257-16207
938;4/11/2024;Juan;Castro;Mixto;Libre;Nocturna/Crédito;143198-14243
939;4/11/2024;Juan;Castro;Bebidas;Platino;Diurna/Efectivo;78256-9923
940;9/11/2024;Carlos;López;Mixto;VIP;Diurna/Transferencia;116295-16678
941;7/11/2024;Pedro;Sánchez;Bebidas;Libre;Nocturna/Crédito;39049-3350
942;6/11/2024;Juan;Castro;Mixto;Libre;Diurna/Transferencia;129420-12423
943;5/11/2024;Juan;Castro;Mixto;VIP;Diurna/Crédito;60297-3335
944;1/11/2024;Juan;Castro;Bebidas;VIP;Diurna/Crédito;33974-3095
945;4/11/2024;Juan;Castro;;;Diurna/Crédito;62184-7577
946;7/11/2024;Carlos;López;Mixto;Platino;Diurna/Efectivo;111540-9299
947;7/11/2024;Juan;Castro;Alimentos;Platino;Nocturna/Efectivo;84102-6528
948;3/11/2024;Juan;Castro;Alimentos;Libre;Diurna/Efectivo;154416-9973
949;5/11/2024;Juan;Castro;Alimentos;Platino;Diurna/Débito;168132-21479
950;2/11/2024;Ana;Ruiz;Alimentos;Libre;Nocturna/Efectivo;105510-10548
951;1/11/2024;Ana;Ruiz;Alimentos;Libre;Nocturna/Débito;179140-16306
952;5/11/2024;Juan;Castro;Mixto;VIP;Diurna/Efectivo;119065-8419
953;7/11/2024;Pedro;Sánchez;Bebidas;Libre;Diurna/Crédito;71443-8121
954;6/11/2024;Ana;Ruiz;Mixto;VIP;Nocturna/Débito;68166-7564
955;6/11/2024;Pedro;Sánchez;Mixto;Platino;Nocturna/Crédito;104534-6954
956;9/11/2024;Ana;Ruiz;Alimentos;Platino;Diurna/Crédito;167168-13802
957;0/11/2024;Juan;Castro;Bebidas;Platino;Nocturna/Efectivo;53463-5390
958;8/11/2024;Ana;Ruiz;;Platino;Diurna/Crédito;77898-6187
959;7/12/2024;Ana;Ruiz;Mixto;Platino;Diurna/Transferencia;126462-15437
960;7/12/2024;Pedro;Sánchez;Mixto;VIP;Diurna/Crédito;80215-10472
961;1/12/2024;Juan;Castro;Alimentos;Libre;Nocturna/Crédito;150800-15659
962;5/12/2024;Carlos;López;Bebidas;VIP;Nocturna/Crédito;83558-8974
963;5/12/2024;Pedro;Sánchez;;Libre;Diurna/Transferencia;59553-5876
964;4/12/2024;Ana;Ruiz;;Platino;Nocturna/Crédito;57374-3187
965;3/12/2024;Carlos;López;Mixto;Libre;Diurna/Débito;118946-9509
966;7/12/2024;Ana;Ruiz;Bebidas;Platino;Nocturna/Débito;48231-4399
967;6/12/2024;Ana;Ruiz;mixto;Platino;Diurna/Transferencia;135106-9416
968;0/12/2024;Juan;Castro;Bebidas;Libre;Nocturna/Débito;85700-9796
969;4/12/2024;Juan;Castro;Alimentos;Libre;Diurna/Transferencia;140556-9993
970;8/12/2024;Juan;Castro;Bebidas;Platino;Nocturna/Crédito;49206-6225
971;7/12/2024;Carlos;López;Bebidas;Libre;Diurna/Crédito;87452-12534
972;6/12/2024;Carlos;López;Alimentos;Platino;Diurna/Efectivo;117489-15380
973;8/12/2024;Juan;Castro;Mixto;Libre;Nocturna/Débito;52049-5291
974;2/12/2024;maria;martinez;Mixto;Libre;Nocturna/Débito;78629-7063
975;8/12/2024;Juan;Castro;Mixto;Libre;Nocturna/Crédito;147870-20320
976;4/12/2024;Ana;Ruiz;Mixto;Platino;Nocturna/Efectivo;100442-11476
977;6/12/2024;Pedro;Sánchez;Bebidas;VIP;Diurna/Efectivo;30956-1853
978;6/12/2024;Pedro;Sánchez;Bebidas;VIP;Diurna/Transferencia;52585-4440
979;4/12/2024;Pedro;Sánchez;Mixto;VIP;Nocturna/Crédito;95080-8265
980;2/12/2024;Pedro;Sánchez;Alimentos;VIP;Nocturna/Transferencia;177141-20392
981;7/12/2024;Ana;Ruiz;Mixto;Libre;Diurna/Transferencia;51921-2763
982;2/12/2024;Pedro;Sánchez;Bebidas;Platino;Diurna/Transferencia;67634-7973
983;3/12/2024;Ana;Ruiz;Alimentos;Libre;Nocturna/Efectivo;80978-9111
984;0/12/2024;Ana;Ruiz;Alimentos;VIP;Nocturna/Débito;154901-15802
985;3/12/2024;Pedro;Sánchez;Mixto;Platino;Nocturna/Crédito;124689-13019
986;9/12/2024;Juan;Castro;Mixto;Libre;Diurna/Transferencia;103056-8427
987;6/12/2024;Juan;Castro;Mixto;VIP;Diurna/Efectivo;137598-6942
988;1/12/2024;Juan;Castro;Bebidas;Libre;Nocturna/Débito;74809-8186
989;3/12/2024;Juan;Castro;Mixto;VIP;Diurna/Débito;60357-7624
990;0/12/2024;Carlos;López;Alimentos;VIP;Diurna/Transferencia;146713-13057
991;8/12/2024;Juan;Castro;Bebidas;Platino;Nocturna/Transferencia;78076-10090
992;5/12/2024;Juan;Castro;Bebidas;;Nocturna/Crédito;71007-3958
993;3/12/2024;Juan;Castro;Alimentos;;Diurna/Débito;112112-15066
994;5/12/2024;Ana;Ruiz;Mixto;Libre;Diurna/Efectivo;59220-7493
995;6/12/2024;Juan;Castro;Alimentos;VIP;Diurna/Transferencia;88260-10054
996;0/12/2024;Ana;Ruiz;Bebidas;Platino;Nocturna/Efectivo;49247-6787
997;2/12/2024;Ana;Ruiz;Mixto;VIP;Nocturna/Efectivo;81937-10403
998;4/12/2024;Ana;Ruiz;Bebidas;VIP;Nocturna/Efectivo;66493-6606
999;6/12/2024;Carlos;López;Bebidas;VIP;Diurna/Crédito;33701-3188
1000;2/12/2024;Ana;Ruiz;Alimentos;VIP;Nocturna/Débito;85374-4655
1001;2/12/2024;Carlos;López;Mixto;Platino;Nocturna/Débito;71066-10589
1002;9/12/2024;Ana;Ruiz;alimentos;VIP;Nocturna/Efectivo;149982-10796
1003;3/12/2024;Juan;Castro;Alimentos;Libre;Nocturna/Transferencia;87274-7381
1004;9/12/2024;Juan;Castro;bebidas;Libre;Diurna/Crédito;80775-5600
1005;2/12/2024;Pedro;Sánchez;Alimentos;VIP;Nocturna/Crédito;120983-13840
1006;3/12/2024;Ana;Ruiz;Bebidas;VIP;Nocturna/Crédito;66212-8220
1007;8/12/2024;Ana;Ruiz;Alimentos;Platino;Nocturna/Transferencia;147942-7495
1008;2/12/2024;Juan;Castro;Bebidas;VIP;Nocturna/Efectivo;44508-4878
1009;4/12/2024;Pedro;Sánchez;Mixto;Libre;Nocturna/Transferencia;66536-9905
1010;3/12/2024;Juan;Castro;Alimentos;Platino;Nocturna/Crédito;70589-5147
1011;9/12/2024;Pedro;Sánchez;Mixto;Libre;Nocturna/Crédito;140809-9909
1012;5/12/2024;Pedro;Sánchez;Bebidas;VIP;Diurna/Débito;80417-4053
1013;4/12/2024;Ana;Ruiz;Alimentos;Libre;Nocturna/Efectivo;150053-17953
1014;8/12/2024;Ana;Ruiz;;Platino;Diurna/Crédito;179586-17225
1015;2/12/2024;Juan;Castro;Bebidas;VIP;Diurna/Transferencia;36245-5394
1016;0/12/2024;Juan;Castro;Alimentos;VIP;Diurna/Transferencia;66461-8182
1017;8/12/2024;Pedro;Sánchez;Alimentos;Libre;Diurna/Efectivo;143620-15898
1018;2/12/2024;Ana;Ruiz;Mixto;VIP;Nocturna/Transferencia;133933-16673
1019;4/12/2024;Juan;Castro;Alimentos;Libre;Nocturna/Efectivo;163406-14213
1020;5/12/2024;Carlos;López;Bebidas;Platino;Diurna/Débito;36717-4296
1021;9/12/2024;Juan;Castro;Bebidas;Platino;Diurna/Efectivo;89981-11303
1022;2/12/2024;maria;martinez;Alimentos;;Nocturna/Débito;103878-7422
1023;4/12/2024;Carlos;López;Alimentos;Platino;Nocturna/Efectivo;157432-22803
1024;7/12/2024;Pedro;Sánchez;Bebidas;Libre;Nocturna/Efectivo;72781-5469
1025;1/12/2024;Carlos;López;Bebidas;VIP;Nocturna/Crédito;39577-4102
1026;5/12/2024;Juan;Castro;Mixto;VIP;Diurna/Efectivo;55847-3245
1027;3/12/2024;Pedro;Sánchez;Alimentos;Platino;Diurna/Transferencia;143445-20502
1028;2/12/2024;Ana;Ruiz;Mixto;Libre;Diurna/Débito;135425-19214
1029;0/12/2024;Pedro;Sánchez;Bebidas;Libre;Diurna/Transferencia;58832-4321
1030;1/12/2024;Juan;Castro;Alimentos;Platino;Nocturna/Crédito;114632-14660
1031;9/12/2024;Carlos;López;Mixto;Platino;Diurna/Efectivo;77642-10050
1032;2/12/2024;Juan;Castro;Alimentos;;Diurna/Transferencia;166011-18908
1033;9/12/2024;Pedro;Sánchez;Alimentos;;Diurna/Débito;176354-14820
1034;9/12/2024;Juan;Castro;Bebidas;VIP;Nocturna/Transferencia;48510-6225
1035;7/12/2024;Carlos;López;Alimentos;VIP;Nocturna/Efectivo;81557-5629
1036;1/12/2024;Ana;Ruiz;;Libre;Diurna/Débito;79330-9105
1037;7/12/2024;Juan;Castro;Mixto;Libre;Diurna/Crédito;73424-9021
1038;7/12/2024;Juan;Castro;Bebidas;VIP;Diurna/Transferencia;82041-8427
Subtotal;6/01/2024;;;;;/;-
Subtotal;8/02/2024;;;;;/;-
Subtotal;7/03/2024;;;;;/;-
Subtotal;8/04/2024;;;;;/;-
Subtotal;8/05/2024;;;;;/;-
Subtotal;8/06/2024;;;;;/;-
Subtotal;8/07/2024;;;;;/;-
Subtotal;8/08/2024;;;;;/;-
Subtotal;8/09/2024;;;;;/;-
Subtotal;8/10/2024;;;;;/;-
Subtotal;8/11/2024;;;;;/;-
Subtotal;8/12/2024;;;;;/;-
